inventory_key,size_index,catalog_no,catalog_color,size,whse_no,quantity,piece_weight,piece_price,dozens_price,case_price,case_size,each_sale_price,dozens_sale_price,case_sale_price,sale_start_datetime,sale_end_datetime,unique_key,discontinued_code
864,2,29M,White,S,1,500,0.31,3.17,2.67,2.17,72,,,,,,8642,
864,2,29M,White,S,2,500,0.31,3.17,2.67,2.17,72,,,,,,8642,
864,2,q,White,S,3,500,0.31,3.17,2.67,2.17,72,,,,,,8642,
864,2,29M,White,S,4,500,0.31,3.17,2.67,2.17,72,,,,,,8642,
864,2,29M,White,S,5,500,0.31,3.17,2.67,2.17,72,,,,,,8642,
864,2,29M,White,S,6,500,0.31,3.17,2.67,2.17,72,,,,,,8642,
864,2,29M,White,S,7,500,0.31,3.17,2.67,2.17,72,,,,,,8642,
864,2,29M,White,S,12,500,0.31,3.17,2.67,2.17,72,,,,,,8642,
864,3,29M,White,M,1,500,0.38,3.17,2.67,2.17,72,,,,,,8643,
864,3,29M,White,M,2,500,0.38,3.17,2.67,2.17,72,,,,,,8643,
864,3,29M,White,M,3,500,0.38,3.17,2.67,2.17,72,,,,,,8643,
864,3,29M,White,M,4,500,0.38,3.17,2.67,2.17,72,,,,,,8643,
864,3,29M,White,M,5,500,0.38,3.17,2.67,2.17,72,,,,,,8643,
864,3,29M,White,M,6,500,0.38,3.17,2.67,2.17,72,,,,,,8643,
864,3,29M,White,M,7,500,0.38,3.17,2.67,2.17,72,,,,,,8643,
864,3,29M,White,M,12,500,0.38,3.17,2.67,2.17,72,,,,,,8643,
864,4,29M,White,L,1,500,0.44,3.17,2.67,2.17,72,,,,,,8644,
864,4,29M,White,L,2,500,0.44,3.17,2.67,2.17,72,,,,,,8644,
864,4,29M,White,L,3,500,0.44,3.17,2.67,2.17,72,,,,,,8644,
864,4,29M,White,L,4,500,0.44,3.17,2.67,2.17,72,,,,,,8644,
864,4,29M,White,L,5,500,0.44,3.17,2.67,2.17,72,,,,,,8644,
864,4,29M,White,L,6,500,0.44,3.17,2.67,2.17,72,,,,,,8644,
864,4,29M,White,L,7,500,0.44,3.17,2.67,2.17,72,,,,,,8644,
864,4,29M,White,L,12,500,0.44,3.17,2.67,2.17,72,,,,,,8644,
864,5,29M,White,XL,1,500,0.5,3.17,2.67,2.17,72,,,,,,8645,
864,5,29M,White,XL,2,500,0.5,3.17,2.67,2.17,72,,,,,,8645,
864,5,29M,White,XL,3,500,0.5,3.17,2.67,2.17,72,,,,,,8645,
864,5,29M,White,XL,4,500,0.5,3.17,2.67,2.17,72,,,,,,8645,
864,5,29M,White,XL,5,500,0.5,3.17,2.67,2.17,72,,,,,,8645,
864,5,29M,White,XL,6,500,0.5,3.17,2.67,2.17,72,,,,,,8645,
864,5,29M,White,XL,7,500,0.5,3.17,2.67,2.17,72,,,,,,8645,
864,5,29M,White,XL,12,500,0.5,3.17,2.67,2.17,72,,,,,,8645,
866,2,29M,White,3XL,1,146,0.63,6.23,5.73,5.23,36,,,,,,8662,
866,2,29M,White,3XL,2,500,0.63,6.23,5.73,5.23,36,,,,,,8662,
866,2,29M,White,3XL,3,500,0.63,6.23,5.73,5.23,36,,,,,,8662,
866,2,29M,White,3XL,4,138,0.63,6.23,5.73,5.23,36,,,,,,8662,
866,2,29M,White,3XL,5,500,0.63,6.23,5.73,5.23,36,,,,,,8662,
866,2,29M,White,3XL,6,424,0.63,6.23,5.73,5.23,36,,,,,,8662,
866,2,29M,White,3XL,7,103,0.63,6.23,5.73,5.23,36,,,,,,8662,
866,2,29M,White,3XL,12,231,0.63,6.23,5.73,5.23,36,,,,,,8662,
868,1,29M,White,2XL,1,500,0.5,4.68,4.18,3.68,72,,,,,,8681,
868,1,29M,White,2XL,2,500,0.5,4.68,4.18,3.68,72,,,,,,8681,
868,1,29M,White,2XL,3,500,0.5,4.68,4.18,3.68,72,,,,,,8681,
868,1,29M,White,2XL,4,500,0.5,4.68,4.18,3.68,72,,,,,,8681,
868,1,29M,White,2XL,5,500,0.5,4.68,4.18,3.68,72,,,,,,8681,
868,1,29M,White,2XL,6,500,0.5,4.68,4.18,3.68,72,,,,,,8681,
868,1,29M,White,2XL,7,472,0.5,4.68,4.18,3.68,72,,,,,,8681,
868,1,29M,White,2XL,12,500,0.5,4.68,4.18,3.68,72,,,,,,8681,
869,2,29M,Ash,S,1,401,0.31,3.72,3.22,2.72,72,,,,,,8692,
869,2,29M,Ash,S,2,500,0.31,3.72,3.22,2.72,72,,,,,,8692,
869,2,29M,Ash,S,3,500,0.31,3.72,3.22,2.72,72,,,,,,8692,
869,2,29M,Ash,S,4,500,0.31,3.72,3.22,2.72,72,,,,,,8692,
869,2,29M,Ash,S,5,500,0.31,3.72,3.22,2.72,72,,,,,,8692,
869,2,29M,Ash,S,6,500,0.31,3.72,3.22,2.72,72,,,,,,8692,
869,2,29M,Ash,S,7,500,0.31,3.72,3.22,2.72,72,,,,,,8692,
869,2,29M,Ash,S,12,500,0.31,3.72,3.22,2.72,72,,,,,,8692,
869,3,29M,Ash,M,1,390,0.38,3.72,3.22,2.72,72,,,,,,8693,
869,3,29M,Ash,M,2,500,0.38,3.72,3.22,2.72,72,,,,,,8693,
869,3,29M,Ash,M,3,500,0.38,3.72,3.22,2.72,72,,,,,,8693,
869,3,29M,Ash,M,4,500,0.38,3.72,3.22,2.72,72,,,,,,8693,
869,3,29M,Ash,M,5,500,0.38,3.72,3.22,2.72,72,,,,,,8693,
869,3,29M,Ash,M,6,500,0.38,3.72,3.22,2.72,72,,,,,,8693,
869,3,29M,Ash,M,7,500,0.38,3.72,3.22,2.72,72,,,,,,8693,
869,3,29M,Ash,M,12,500,0.38,3.72,3.22,2.72,72,,,,,,8693,
869,4,29M,Ash,L,1,500,0.44,3.72,3.22,2.72,72,,,,,,8694,
869,4,29M,Ash,L,2,500,0.44,3.72,3.22,2.72,72,,,,,,8694,
869,4,29M,Ash,L,3,500,0.44,3.72,3.22,2.72,72,,,,,,8694,
869,4,29M,Ash,L,4,500,0.44,3.72,3.22,2.72,72,,,,,,8694,
869,4,29M,Ash,L,5,500,0.44,3.72,3.22,2.72,72,,,,,,8694,
869,4,29M,Ash,L,6,500,0.44,3.72,3.22,2.72,72,,,,,,8694,
869,4,29M,Ash,L,7,500,0.44,3.72,3.22,2.72,72,,,,,,8694,
869,4,29M,Ash,L,12,500,0.44,3.72,3.22,2.72,72,,,,,,8694,
869,5,29M,Ash,XL,1,500,0.5,3.72,3.22,2.72,72,,,,,,8695,
869,5,29M,Ash,XL,2,500,0.5,3.72,3.22,2.72,72,,,,,,8695,
869,5,29M,Ash,XL,3,500,0.5,3.72,3.22,2.72,72,,,,,,8695,
869,5,29M,Ash,XL,4,500,0.5,3.72,3.22,2.72,72,,,,,,8695,
869,5,29M,Ash,XL,5,500,0.5,3.72,3.22,2.72,72,,,,,,8695,
869,5,29M,Ash,XL,6,500,0.5,3.72,3.22,2.72,72,,,,,,8695,
869,5,29M,Ash,XL,7,500,0.5,3.72,3.22,2.72,72,,,,,,8695,
869,5,29M,Ash,XL,12,500,0.5,3.72,3.22,2.72,72,,,,,,8695,
872,2,29M,Ash,3XL,1,112,0.56,6.59,6.09,5.59,36,,,,,,8722,
872,2,29M,Ash,3XL,2,500,0.56,6.59,6.09,5.59,36,,,,,,8722,
872,2,29M,Ash,3XL,3,473,0.56,6.59,6.09,5.59,36,,,,,,8722,
872,2,29M,Ash,3XL,4,198,0.56,6.59,6.09,5.59,36,,,,,,8722,
872,2,29M,Ash,3XL,5,500,0.56,6.59,6.09,5.59,36,,,,,,8722,
872,2,29M,Ash,3XL,6,415,0.56,6.59,6.09,5.59,36,,,,,,8722,
872,2,29M,Ash,3XL,7,158,0.56,6.59,6.09,5.59,36,,,,,,8722,
872,2,29M,Ash,3XL,12,123,0.56,6.59,6.09,5.59,36,,,,,,8722,
874,1,29M,Ash,2XL,1,343,0.5,5.27,4.77,4.27,72,,,,,,8741,
874,1,29M,Ash,2XL,2,500,0.5,5.27,4.77,4.27,72,,,,,,8741,
874,1,29M,Ash,2XL,3,500,0.5,5.27,4.77,4.27,72,,,,,,8741,
874,1,29M,Ash,2XL,4,356,0.5,5.27,4.77,4.27,72,,,,,,8741,
874,1,29M,Ash,2XL,5,500,0.5,5.27,4.77,4.27,72,,,,,,8741,
874,1,29M,Ash,2XL,6,500,0.5,5.27,4.77,4.27,72,,,,,,8741,
874,1,29M,Ash,2XL,7,500,0.5,5.27,4.77,4.27,72,,,,,,8741,
874,1,29M,Ash,2XL,12,293,0.5,5.27,4.77,4.27,72,,,,,,8741,
877,2,29M,Black,S,1,500,0.31,4.05,3.55,3.05,72,,,,,,8772,
877,2,29M,Black,S,2,500,0.31,4.05,3.55,3.05,72,,,,,,8772,
877,2,29M,Black,S,3,500,0.31,4.05,3.55,3.05,72,,,,,,8772,
877,2,29M,Black,S,4,500,0.31,4.05,3.55,3.05,72,,,,,,8772,
877,2,29M,Black,S,5,500,0.31,4.05,3.55,3.05,72,,,,,,8772,
877,2,29M,Black,S,6,500,0.31,4.05,3.55,3.05,72,,,,,,8772,
877,2,29M,Black,S,7,500,0.31,4.05,3.55,3.05,72,,,,,,8772,
877,2,29M,Black,S,12,500,0.31,4.05,3.55,3.05,72,,,,,,8772,
877,3,29M,Black,M,1,500,0.38,4.05,3.55,3.05,72,,,,,,8773,
877,3,29M,Black,M,2,500,0.38,4.05,3.55,3.05,72,,,,,,8773,
877,3,29M,Black,M,3,500,0.38,4.05,3.55,3.05,72,,,,,,8773,
877,3,29M,Black,M,4,500,0.38,4.05,3.55,3.05,72,,,,,,8773,
877,3,29M,Black,M,5,500,0.38,4.05,3.55,3.05,72,,,,,,8773,
877,3,29M,Black,M,6,500,0.38,4.05,3.55,3.05,72,,,,,,8773,
877,3,29M,Black,M,7,500,0.38,4.05,3.55,3.05,72,,,,,,8773,
877,3,29M,Black,M,12,500,0.38,4.05,3.55,3.05,72,,,,,,8773,
877,4,29M,Black,L,1,500,0.44,4.05,3.55,3.05,72,,,,,,8774,
877,4,29M,Black,L,2,500,0.44,4.05,3.55,3.05,72,,,,,,8774,
877,4,29M,Black,L,3,500,0.44,4.05,3.55,3.05,72,,,,,,8774,
877,4,29M,Black,L,4,500,0.44,4.05,3.55,3.05,72,,,,,,8774,
877,4,29M,Black,L,5,500,0.44,4.05,3.55,3.05,72,,,,,,8774,
877,4,29M,Black,L,6,500,0.44,4.05,3.55,3.05,72,,,,,,8774,
877,4,29M,Black,L,7,500,0.44,4.05,3.55,3.05,72,,,,,,8774,
877,4,29M,Black,L,12,500,0.44,4.05,3.55,3.05,72,,,,,,8774,
877,5,29M,Black,XL,1,500,0.5,4.05,3.55,3.05,72,,,,,,8775,
877,5,29M,Black,XL,2,500,0.5,4.05,3.55,3.05,72,,,,,,8775,
877,5,29M,Black,XL,3,500,0.5,4.05,3.55,3.05,72,,,,,,8775,
877,5,29M,Black,XL,4,500,0.5,4.05,3.55,3.05,72,,,,,,8775,
877,5,29M,Black,XL,5,500,0.5,4.05,3.55,3.05,72,,,,,,8775,
877,5,29M,Black,XL,6,500,0.5,4.05,3.55,3.05,72,,,,,,8775,
877,5,29M,Black,XL,7,500,0.5,4.05,3.55,3.05,72,,,,,,8775,
877,5,29M,Black,XL,12,500,0.5,4.05,3.55,3.05,72,,,,,,8775,
878,2,29M,California Blu,S,1,500,0.31,4.05,3.55,3.05,72,,,,,,8782,
878,2,29M,California Blu,S,2,500,0.31,4.05,3.55,3.05,72,,,,,,8782,
878,2,29M,California Blu,S,3,500,0.31,4.05,3.55,3.05,72,,,,,,8782,
878,2,29M,California Blu,S,4,500,0.31,4.05,3.55,3.05,72,,,,,,8782,
878,2,29M,California Blu,S,5,500,0.31,4.05,3.55,3.05,72,,,,,,8782,
878,2,29M,California Blu,S,6,500,0.31,4.05,3.55,3.05,72,,,,,,8782,
878,2,29M,California Blu,S,7,500,0.31,4.05,3.55,3.05,72,,,,,,8782,
878,2,29M,California Blu,S,12,423,0.31,4.05,3.55,3.05,72,,,,,,8782,
878,3,29M,California Blu,M,1,500,0.38,4.05,3.55,3.05,72,,,,,,8783,
878,3,29M,California Blu,M,2,500,0.38,4.05,3.55,3.05,72,,,,,,8783,
878,3,29M,California Blu,M,3,500,0.38,4.05,3.55,3.05,72,,,,,,8783,
878,3,29M,California Blu,M,4,500,0.38,4.05,3.55,3.05,72,,,,,,8783,
878,3,29M,California Blu,M,5,500,0.38,4.05,3.55,3.05,72,,,,,,8783,
878,3,29M,California Blu,M,6,500,0.38,4.05,3.55,3.05,72,,,,,,8783,
878,3,29M,California Blu,M,7,500,0.38,4.05,3.55,3.05,72,,,,,,8783,
878,3,29M,California Blu,M,12,500,0.38,4.05,3.55,3.05,72,,,,,,8783,
878,4,29M,California Blu,L,1,500,0.44,4.05,3.55,3.05,72,,,,,,8784,
878,4,29M,California Blu,L,2,500,0.44,4.05,3.55,3.05,72,,,,,,8784,
878,4,29M,California Blu,L,3,500,0.44,4.05,3.55,3.05,72,,,,,,8784,
878,4,29M,California Blu,L,4,500,0.44,4.05,3.55,3.05,72,,,,,,8784,
878,4,29M,California Blu,L,5,500,0.44,4.05,3.55,3.05,72,,,,,,8784,
878,4,29M,California Blu,L,6,500,0.44,4.05,3.55,3.05,72,,,,,,8784,
878,4,29M,California Blu,L,7,500,0.44,4.05,3.55,3.05,72,,,,,,8784,
878,4,29M,California Blu,L,12,500,0.44,4.05,3.55,3.05,72,,,,,,8784,
878,5,29M,California Blu,XL,1,500,0.5,4.05,3.55,3.05,72,,,,,,8785,
878,5,29M,California Blu,XL,2,500,0.5,4.05,3.55,3.05,72,,,,,,8785,
878,5,29M,California Blu,XL,3,500,0.5,4.05,3.55,3.05,72,,,,,,8785,
878,5,29M,California Blu,XL,4,282,0.5,4.05,3.55,3.05,72,,,,,,8785,
878,5,29M,California Blu,XL,5,500,0.5,4.05,3.55,3.05,72,,,,,,8785,
878,5,29M,California Blu,XL,6,500,0.5,4.05,3.55,3.05,72,,,,,,8785,
878,5,29M,California Blu,XL,7,198,0.5,4.05,3.55,3.05,72,,,,,,8785,
878,5,29M,California Blu,XL,12,500,0.5,4.05,3.55,3.05,72,,,,,,8785,
879,2,29M,Forest Green,S,1,500,0.31,4.05,3.55,3.05,72,,,,,,8792,
879,2,29M,Forest Green,S,2,500,0.31,4.05,3.55,3.05,72,,,,,,8792,
879,2,29M,Forest Green,S,3,500,0.31,4.05,3.55,3.05,72,,,,,,8792,
879,2,29M,Forest Green,S,4,6,0.31,4.05,3.55,3.05,72,,,,,,8792,
879,2,29M,Forest Green,S,5,500,0.31,4.05,3.55,3.05,72,,,,,,8792,
879,2,29M,Forest Green,S,6,500,0.31,4.05,3.55,3.05,72,,,,,,8792,
879,2,29M,Forest Green,S,7,232,0.31,4.05,3.55,3.05,72,,,,,,8792,
879,2,29M,Forest Green,S,12,6,0.31,4.05,3.55,3.05,72,,,,,,8792,
879,3,29M,Forest Green,M,1,2,0.38,4.05,3.55,3.05,72,,,,,,8793,
879,3,29M,Forest Green,M,2,500,0.38,4.05,3.55,3.05,72,,,,,,8793,
879,3,29M,Forest Green,M,3,0,0.38,4.05,3.55,3.05,72,,,,,,8793,
879,3,29M,Forest Green,M,4,2,0.38,4.05,3.55,3.05,72,,,,,,8793,
879,3,29M,Forest Green,M,5,500,0.38,4.05,3.55,3.05,72,,,,,,8793,
879,3,29M,Forest Green,M,6,500,0.38,4.05,3.55,3.05,72,,,,,,8793,
879,3,29M,Forest Green,M,7,461,0.38,4.05,3.55,3.05,72,,,,,,8793,
879,3,29M,Forest Green,M,12,5,0.38,4.05,3.55,3.05,72,,,,,,8793,
879,4,29M,Forest Green,L,1,1,0.44,4.05,3.55,3.05,72,,,,,,8794,
879,4,29M,Forest Green,L,2,0,0.44,4.05,3.55,3.05,72,,,,,,8794,
879,4,29M,Forest Green,L,3,35,0.44,4.05,3.55,3.05,72,,,,,,8794,
879,4,29M,Forest Green,L,4,2,0.44,4.05,3.55,3.05,72,,,,,,8794,
879,4,29M,Forest Green,L,5,500,0.44,4.05,3.55,3.05,72,,,,,,8794,
879,4,29M,Forest Green,L,6,500,0.44,4.05,3.55,3.05,72,,,,,,8794,
879,4,29M,Forest Green,L,7,31,0.44,4.05,3.55,3.05,72,,,,,,8794,
879,4,29M,Forest Green,L,12,0,0.44,4.05,3.55,3.05,72,,,,,,8794,
879,5,29M,Forest Green,XL,1,0,0.44,4.05,3.55,3.05,72,,,,,,8795,
879,5,29M,Forest Green,XL,2,0,0.44,4.05,3.55,3.05,72,,,,,,8795,
879,5,29M,Forest Green,XL,3,0,0.44,4.05,3.55,3.05,72,,,,,,8795,
879,5,29M,Forest Green,XL,4,0,0.44,4.05,3.55,3.05,72,,,,,,8795,
879,5,29M,Forest Green,XL,5,500,0.44,4.05,3.55,3.05,72,,,,,,8795,
879,5,29M,Forest Green,XL,6,500,0.44,4.05,3.55,3.05,72,,,,,,8795,
879,5,29M,Forest Green,XL,7,335,0.44,4.05,3.55,3.05,72,,,,,,8795,
879,5,29M,Forest Green,XL,12,2,0.44,4.05,3.55,3.05,72,,,,,,8795,
881,2,29M,Jade,S,1,451,0.31,4.05,3.55,3.05,72,,,,,,8812,
881,2,29M,Jade,S,2,500,0.31,4.05,3.55,3.05,72,,,,,,8812,
881,2,29M,Jade,S,3,500,0.31,4.05,3.55,3.05,72,,,,,,8812,
881,2,29M,Jade,S,4,489,0.31,4.05,3.55,3.05,72,,,,,,8812,
881,2,29M,Jade,S,5,500,0.31,4.05,3.55,3.05,72,,,,,,8812,
881,2,29M,Jade,S,6,500,0.31,4.05,3.55,3.05,72,,,,,,8812,
881,2,29M,Jade,S,7,211,0.31,4.05,3.55,3.05,72,,,,,,8812,
881,2,29M,Jade,S,12,500,0.31,4.05,3.55,3.05,72,,,,,,8812,
881,3,29M,Jade,M,1,500,0.38,4.05,3.55,3.05,72,,,,,,8813,
881,3,29M,Jade,M,2,500,0.38,4.05,3.55,3.05,72,,,,,,8813,
881,3,29M,Jade,M,3,500,0.38,4.05,3.55,3.05,72,,,,,,8813,
881,3,29M,Jade,M,4,500,0.38,4.05,3.55,3.05,72,,,,,,8813,
881,3,29M,Jade,M,5,500,0.38,4.05,3.55,3.05,72,,,,,,8813,
881,3,29M,Jade,M,6,500,0.38,4.05,3.55,3.05,72,,,,,,8813,
881,3,29M,Jade,M,7,308,0.38,4.05,3.55,3.05,72,,,,,,8813,
881,3,29M,Jade,M,12,500,0.38,4.05,3.55,3.05,72,,,,,,8813,
881,4,29M,Jade,L,1,500,0.44,4.05,3.55,3.05,72,,,,,,8814,
881,4,29M,Jade,L,2,500,0.44,4.05,3.55,3.05,72,,,,,,8814,
881,4,29M,Jade,L,3,500,0.44,4.05,3.55,3.05,72,,,,,,8814,
881,4,29M,Jade,L,4,373,0.44,4.05,3.55,3.05,72,,,,,,8814,
881,4,29M,Jade,L,5,500,0.44,4.05,3.55,3.05,72,,,,,,8814,
881,4,29M,Jade,L,6,500,0.44,4.05,3.55,3.05,72,,,,,,8814,
881,4,29M,Jade,L,7,400,0.44,4.05,3.55,3.05,72,,,,,,8814,
881,4,29M,Jade,L,12,500,0.44,4.05,3.55,3.05,72,,,,,,8814,
881,5,29M,Jade,XL,1,458,0.44,4.05,3.55,3.05,72,,,,,,8815,
881,5,29M,Jade,XL,2,500,0.44,4.05,3.55,3.05,72,,,,,,8815,
881,5,29M,Jade,XL,3,500,0.44,4.05,3.55,3.05,72,,,,,,8815,
881,5,29M,Jade,XL,4,236,0.44,4.05,3.55,3.05,72,,,,,,8815,
881,5,29M,Jade,XL,5,500,0.44,4.05,3.55,3.05,72,,,,,,8815,
881,5,29M,Jade,XL,6,500,0.44,4.05,3.55,3.05,72,,,,,,8815,
881,5,29M,Jade,XL,7,303,0.44,4.05,3.55,3.05,72,,,,,,8815,
881,5,29M,Jade,XL,12,274,0.44,4.05,3.55,3.05,72,,,,,,8815,
882,2,29M,Navy,S,1,500,0.31,4.05,3.55,3.05,72,,,,,,8822,
882,2,29M,Navy,S,2,500,0.31,4.05,3.55,3.05,72,,,,,,8822,
882,2,29M,Navy,S,3,500,0.31,4.05,3.55,3.05,72,,,,,,8822,
882,2,29M,Navy,S,4,500,0.31,4.05,3.55,3.05,72,,,,,,8822,
882,2,29M,Navy,S,5,500,0.31,4.05,3.55,3.05,72,,,,,,8822,
882,2,29M,Navy,S,6,500,0.31,4.05,3.55,3.05,72,,,,,,8822,
882,2,29M,Navy,S,7,2,0.31,4.05,3.55,3.05,72,,,,,,8822,
882,2,29M,Navy,S,12,500,0.31,4.05,3.55,3.05,72,,,,,,8822,
882,3,29M,Navy,M,1,500,0.38,4.05,3.55,3.05,72,,,,,,8823,
882,3,29M,Navy,M,2,500,0.38,4.05,3.55,3.05,72,,,,,,8823,
882,3,29M,Navy,M,3,500,0.38,4.05,3.55,3.05,72,,,,,,8823,
882,3,29M,Navy,M,4,500,0.38,4.05,3.55,3.05,72,,,,,,8823,
882,3,29M,Navy,M,5,500,0.38,4.05,3.55,3.05,72,,,,,,8823,
882,3,29M,Navy,M,6,500,0.38,4.05,3.55,3.05,72,,,,,,8823,
882,3,29M,Navy,M,7,500,0.38,4.05,3.55,3.05,72,,,,,,8823,
882,3,29M,Navy,M,12,500,0.38,4.05,3.55,3.05,72,,,,,,8823,
882,4,29M,Navy,L,1,500,0.44,4.05,3.55,3.05,72,,,,,,8824,
882,4,29M,Navy,L,2,500,0.44,4.05,3.55,3.05,72,,,,,,8824,
882,4,29M,Navy,L,3,500,0.44,4.05,3.55,3.05,72,,,,,,8824,
882,4,29M,Navy,L,4,500,0.44,4.05,3.55,3.05,72,,,,,,8824,
882,4,29M,Navy,L,5,500,0.44,4.05,3.55,3.05,72,,,,,,8824,
882,4,29M,Navy,L,6,500,0.44,4.05,3.55,3.05,72,,,,,,8824,
882,4,29M,Navy,L,7,500,0.44,4.05,3.55,3.05,72,,,,,,8824,
882,4,29M,Navy,L,12,500,0.44,4.05,3.55,3.05,72,,,,,,8824,
882,5,29M,Navy,XL,1,500,0.5,4.05,3.55,3.05,72,,,,,,8825,
882,5,29M,Navy,XL,2,500,0.5,4.05,3.55,3.05,72,,,,,,8825,
882,5,29M,Navy,XL,3,500,0.5,4.05,3.55,3.05,72,,,,,,8825,
882,5,29M,Navy,XL,4,500,0.5,4.05,3.55,3.05,72,,,,,,8825,
882,5,29M,Navy,XL,5,500,0.5,4.05,3.55,3.05,72,,,,,,8825,
882,5,29M,Navy,XL,6,500,0.5,4.05,3.55,3.05,72,,,,,,8825,
882,5,29M,Navy,XL,7,500,0.5,4.05,3.55,3.05,72,,,,,,8825,
882,5,29M,Navy,XL,12,500,0.5,4.05,3.55,3.05,72,,,,,,8825,
884,2,29M,True Red,S,1,500,0.31,4.05,3.55,3.05,72,,,,,,8842,
884,2,29M,True Red,S,2,500,0.31,4.05,3.55,3.05,72,,,,,,8842,
884,2,29M,True Red,S,3,500,0.31,4.05,3.55,3.05,72,,,,,,8842,
884,2,29M,True Red,S,4,500,0.31,4.05,3.55,3.05,72,,,,,,8842,
884,2,29M,True Red,S,5,500,0.31,4.05,3.55,3.05,72,,,,,,8842,
884,2,29M,True Red,S,6,500,0.31,4.05,3.55,3.05,72,,,,,,8842,
884,2,29M,True Red,S,7,500,0.31,4.05,3.55,3.05,72,,,,,,8842,
884,2,29M,True Red,S,12,500,0.31,4.05,3.55,3.05,72,,,,,,8842,
884,3,29M,True Red,M,1,500,0.38,4.05,3.55,3.05,72,,,,,,8843,
884,3,29M,True Red,M,2,500,0.38,4.05,3.55,3.05,72,,,,,,8843,
884,3,29M,True Red,M,3,500,0.38,4.05,3.55,3.05,72,,,,,,8843,
884,3,29M,True Red,M,4,500,0.38,4.05,3.55,3.05,72,,,,,,8843,
884,3,29M,True Red,M,5,500,0.38,4.05,3.55,3.05,72,,,,,,8843,
884,3,29M,True Red,M,6,500,0.38,4.05,3.55,3.05,72,,,,,,8843,
884,3,29M,True Red,M,7,500,0.38,4.05,3.55,3.05,72,,,,,,8843,
884,3,29M,True Red,M,12,500,0.38,4.05,3.55,3.05,72,,,,,,8843,
884,4,29M,True Red,L,1,500,0.44,4.05,3.55,3.05,72,,,,,,8844,
884,4,29M,True Red,L,2,500,0.44,4.05,3.55,3.05,72,,,,,,8844,
884,4,29M,True Red,L,3,500,0.44,4.05,3.55,3.05,72,,,,,,8844,
884,4,29M,True Red,L,4,500,0.44,4.05,3.55,3.05,72,,,,,,8844,
884,4,29M,True Red,L,5,500,0.44,4.05,3.55,3.05,72,,,,,,8844,
884,4,29M,True Red,L,6,500,0.44,4.05,3.55,3.05,72,,,,,,8844,
884,4,29M,True Red,L,7,500,0.44,4.05,3.55,3.05,72,,,,,,8844,
884,4,29M,True Red,L,12,500,0.44,4.05,3.55,3.05,72,,,,,,8844,
884,5,29M,True Red,XL,1,500,0.5,4.05,3.55,3.05,72,,,,,,8845,
884,5,29M,True Red,XL,2,500,0.5,4.05,3.55,3.05,72,,,,,,8845,
884,5,29M,True Red,XL,3,500,0.5,4.05,3.55,3.05,72,,,,,,8845,
884,5,29M,True Red,XL,4,500,0.5,4.05,3.55,3.05,72,,,,,,8845,
884,5,29M,True Red,XL,5,500,0.5,4.05,3.55,3.05,72,,,,,,8845,
884,5,29M,True Red,XL,6,500,0.5,4.05,3.55,3.05,72,,,,,,8845,
884,5,29M,True Red,XL,7,500,0.5,4.05,3.55,3.05,72,,,,,,8845,
884,5,29M,True Red,XL,12,500,0.5,4.05,3.55,3.05,72,,,,,,8845,
886,2,29M,Black,3XL,1,426,0.63,6.85,6.35,5.85,36,,,,,,8862,
886,2,29M,Black,3XL,2,500,0.63,6.85,6.35,5.85,36,,,,,,8862,
886,2,29M,Black,3XL,3,500,0.63,6.85,6.35,5.85,36,,,,,,8862,
886,2,29M,Black,3XL,4,478,0.63,6.85,6.35,5.85,36,,,,,,8862,
886,2,29M,Black,3XL,5,500,0.63,6.85,6.35,5.85,36,,,,,,8862,
886,2,29M,Black,3XL,6,500,0.63,6.85,6.35,5.85,36,,,,,,8862,
886,2,29M,Black,3XL,7,500,0.63,6.85,6.35,5.85,36,,,,,,8862,
886,2,29M,Black,3XL,12,432,0.63,6.85,6.35,5.85,36,,,,,,8862,
887,2,29M,California Blu,3XL,1,90,0.56,6.85,6.35,5.85,36,,,,,,8872,
887,2,29M,California Blu,3XL,2,428,0.56,6.85,6.35,5.85,36,,,,,,8872,
887,2,29M,California Blu,3XL,3,296,0.56,6.85,6.35,5.85,36,,,,,,8872,
887,2,29M,California Blu,3XL,4,63,0.56,6.85,6.35,5.85,36,,,,,,8872,
887,2,29M,California Blu,3XL,5,263,0.56,6.85,6.35,5.85,36,,,,,,8872,
887,2,29M,California Blu,3XL,6,119,0.56,6.85,6.35,5.85,36,,,,,,8872,
887,2,29M,California Blu,3XL,7,74,0.56,6.85,6.35,5.85,36,,,,,,8872,
887,2,29M,California Blu,3XL,12,111,0.56,6.85,6.35,5.85,36,,,,,,8872,
888,2,29M,Forest Green,3XL,1,1,0.63,6.85,6.35,5.85,36,,,,,,8882,
888,2,29M,Forest Green,3XL,2,80,0.63,6.85,6.35,5.85,36,,,,,,8882,
888,2,29M,Forest Green,3XL,3,266,0.63,6.85,6.35,5.85,36,,,,,,8882,
888,2,29M,Forest Green,3XL,4,2,0.63,6.85,6.35,5.85,36,,,,,,8882,
888,2,29M,Forest Green,3XL,5,435,0.63,6.85,6.35,5.85,36,,,,,,8882,
888,2,29M,Forest Green,3XL,6,179,0.63,6.85,6.35,5.85,36,,,,,,8882,
888,2,29M,Forest Green,3XL,7,83,0.63,6.85,6.35,5.85,36,,,,,,8882,
888,2,29M,Forest Green,3XL,12,0,0.63,6.85,6.35,5.85,36,,,,,,8882,
890,2,29M,Jade,3XL,1,75,0.63,6.85,6.35,5.85,36,,,,,,8902,
890,2,29M,Jade,3XL,2,320,0.63,6.85,6.35,5.85,36,,,,,,8902,
890,2,29M,Jade,3XL,3,313,0.63,6.85,6.35,5.85,36,,,,,,8902,
890,2,29M,Jade,3XL,4,63,0.63,6.85,6.35,5.85,36,,,,,,8902,
890,2,29M,Jade,3XL,5,192,0.63,6.85,6.35,5.85,36,,,,,,8902,
890,2,29M,Jade,3XL,6,123,0.63,6.85,6.35,5.85,36,,,,,,8902,
890,2,29M,Jade,3XL,7,53,0.63,6.85,6.35,5.85,36,,,,,,8902,
890,2,29M,Jade,3XL,12,93,0.63,6.85,6.35,5.85,36,,,,,,8902,
891,2,29M,Navy,3XL,1,257,0.56,6.85,6.35,5.85,36,,,,,,8912,
891,2,29M,Navy,3XL,2,500,0.56,6.85,6.35,5.85,36,,,,,,8912,
891,2,29M,Navy,3XL,3,500,0.56,6.85,6.35,5.85,36,,,,,,8912,
891,2,29M,Navy,3XL,4,247,0.56,6.85,6.35,5.85,36,,,,,,8912,
891,2,29M,Navy,3XL,5,500,0.56,6.85,6.35,5.85,36,,,,,,8912,
891,2,29M,Navy,3XL,6,500,0.56,6.85,6.35,5.85,36,,,,,,8912,
891,2,29M,Navy,3XL,7,133,0.56,6.85,6.35,5.85,36,,,,,,8912,
891,2,29M,Navy,3XL,12,254,0.56,6.85,6.35,5.85,36,,,,,,8912,
893,2,29M,True Red,3XL,1,226,0.63,6.85,6.35,5.85,36,,,,,,8932,
893,2,29M,True Red,3XL,2,500,0.63,6.85,6.35,5.85,36,,,,,,8932,
893,2,29M,True Red,3XL,3,500,0.63,6.85,6.35,5.85,36,,,,,,8932,
893,2,29M,True Red,3XL,4,246,0.63,6.85,6.35,5.85,36,,,,,,8932,
893,2,29M,True Red,3XL,5,500,0.63,6.85,6.35,5.85,36,,,,,,8932,
893,2,29M,True Red,3XL,6,500,0.63,6.85,6.35,5.85,36,,,,,,8932,
893,2,29M,True Red,3XL,7,302,0.63,6.85,6.35,5.85,36,,,,,,8932,
893,2,29M,True Red,3XL,12,148,0.63,6.85,6.35,5.85,36,,,,,,8932,
895,1,29M,Black,2XL,1,500,0.5,5.88,5.38,4.88,72,,,,,,8951,
895,1,29M,Black,2XL,2,500,0.5,5.88,5.38,4.88,72,,,,,,8951,
895,1,29M,Black,2XL,3,500,0.5,5.88,5.38,4.88,72,,,,,,8951,
895,1,29M,Black,2XL,4,500,0.5,5.88,5.38,4.88,72,,,,,,8951,
895,1,29M,Black,2XL,5,500,0.5,5.88,5.38,4.88,72,,,,,,8951,
895,1,29M,Black,2XL,6,500,0.5,5.88,5.38,4.88,72,,,,,,8951,
895,1,29M,Black,2XL,7,500,0.5,5.88,5.38,4.88,72,,,,,,8951,
895,1,29M,Black,2XL,12,500,0.5,5.88,5.38,4.88,72,,,,,,8951,
896,1,29M,California Blu,2XL,1,264,0.5,5.88,5.38,4.88,72,,,,,,8961,
896,1,29M,California Blu,2XL,2,500,0.5,5.88,5.38,4.88,72,,,,,,8961,
896,1,29M,California Blu,2XL,3,500,0.5,5.88,5.38,4.88,72,,,,,,8961,
896,1,29M,California Blu,2XL,4,135,0.5,5.88,5.38,4.88,72,,,,,,8961,
896,1,29M,California Blu,2XL,5,500,0.5,5.88,5.38,4.88,72,,,,,,8961,
896,1,29M,California Blu,2XL,6,378,0.5,5.88,5.38,4.88,72,,,,,,8961,
896,1,29M,California Blu,2XL,7,164,0.5,5.88,5.38,4.88,72,,,,,,8961,
896,1,29M,California Blu,2XL,12,205,0.5,5.88,5.38,4.88,72,,,,,,8961,
897,1,29M,Forest Green,2XL,1,0,0.5,5.88,5.38,4.88,72,,,,,,8971,
897,1,29M,Forest Green,2XL,2,500,0.5,5.88,5.38,4.88,72,,,,,,8971,
897,1,29M,Forest Green,2XL,3,500,0.5,5.88,5.38,4.88,72,,,,,,8971,
897,1,29M,Forest Green,2XL,4,9,0.5,5.88,5.38,4.88,72,,,,,,8971,
897,1,29M,Forest Green,2XL,5,500,0.5,5.88,5.38,4.88,72,,,,,,8971,
897,1,29M,Forest Green,2XL,6,500,0.5,5.88,5.38,4.88,72,,,,,,8971,
897,1,29M,Forest Green,2XL,7,254,0.5,5.88,5.38,4.88,72,,,,,,8971,
897,1,29M,Forest Green,2XL,12,4,0.5,5.88,5.38,4.88,72,,,,,,8971,
899,1,29M,Jade,2XL,1,269,0.5,5.88,5.38,4.88,72,,,,,,8991,
899,1,29M,Jade,2XL,2,500,0.5,5.88,5.38,4.88,72,,,,,,8991,
899,1,29M,Jade,2XL,3,500,0.5,5.88,5.38,4.88,72,,,,,,8991,
899,1,29M,Jade,2XL,4,122,0.5,5.88,5.38,4.88,72,,,,,,8991,
899,1,29M,Jade,2XL,5,389,0.5,5.88,5.38,4.88,72,,,,,,8991,
899,1,29M,Jade,2XL,6,377,0.5,5.88,5.38,4.88,72,,,,,,8991,
899,1,29M,Jade,2XL,7,170,0.5,5.88,5.38,4.88,72,,,,,,8991,
899,1,29M,Jade,2XL,12,148,0.5,5.88,5.38,4.88,72,,,,,,8991,
900,1,29M,Navy,2XL,1,500,0.5,5.88,5.38,4.88,72,,,,,,9001,
900,1,29M,Navy,2XL,2,500,0.5,5.88,5.38,4.88,72,,,,,,9001,
900,1,29M,Navy,2XL,3,500,0.5,5.88,5.38,4.88,72,,,,,,9001,
900,1,29M,Navy,2XL,4,500,0.5,5.88,5.38,4.88,72,,,,,,9001,
900,1,29M,Navy,2XL,5,500,0.5,5.88,5.38,4.88,72,,,,,,9001,
900,1,29M,Navy,2XL,6,500,0.5,5.88,5.38,4.88,72,,,,,,9001,
900,1,29M,Navy,2XL,7,372,0.5,5.88,5.38,4.88,72,,,,,,9001,
900,1,29M,Navy,2XL,12,500,0.5,5.88,5.38,4.88,72,,,,,,9001,
902,1,29M,True Red,2XL,1,500,0.56,5.88,5.38,4.88,72,,,,,,9021,
902,1,29M,True Red,2XL,2,500,0.56,5.88,5.38,4.88,72,,,,,,9021,
902,1,29M,True Red,2XL,3,500,0.56,5.88,5.38,4.88,72,,,,,,9021,
902,1,29M,True Red,2XL,4,460,0.56,5.88,5.38,4.88,72,,,,,,9021,
902,1,29M,True Red,2XL,5,500,0.56,5.88,5.38,4.88,72,,,,,,9021,
902,1,29M,True Red,2XL,6,500,0.56,5.88,5.38,4.88,72,,,,,,9021,
902,1,29M,True Red,2XL,7,500,0.56,5.88,5.38,4.88,72,,,,,,9021,
902,1,29M,True Red,2XL,12,182,0.56,5.88,5.38,4.88,72,,,,,,9021,
1187,2,4662M,Ash,S,1,24,0.75,8.96,7.96,6.96,24,,,,,,11872,
1187,2,4662M,Ash,S,2,210,0.75,8.96,7.96,6.96,24,,,,,,11872,
1187,2,4662M,Ash,S,3,29,0.75,8.96,7.96,6.96,24,,,,,,11872,
1187,2,4662M,Ash,S,4,17,0.75,8.96,7.96,6.96,24,,,,,,11872,
1187,2,4662M,Ash,S,5,283,0.75,8.96,7.96,6.96,24,,,,,,11872,
1187,2,4662M,Ash,S,6,46,0.75,8.96,7.96,6.96,24,,,,,,11872,
1187,2,4662M,Ash,S,7,48,0.75,8.96,7.96,6.96,24,,,,,,11872,
1187,2,4662M,Ash,S,12,44,0.75,8.96,7.96,6.96,24,,,,,,11872,
1187,3,4662M,Ash,M,1,0,1,8.96,7.96,6.96,24,,,,,,11873,
1187,3,4662M,Ash,M,2,183,1,8.96,7.96,6.96,24,,,,,,11873,
1187,3,4662M,Ash,M,3,0,1,8.96,7.96,6.96,24,,,,,,11873,
1187,3,4662M,Ash,M,4,6,1,8.96,7.96,6.96,24,,,,,,11873,
1187,3,4662M,Ash,M,5,2,1,8.96,7.96,6.96,24,,,,,,11873,
1187,3,4662M,Ash,M,6,200,1,8.96,7.96,6.96,24,,,,,,11873,
1187,3,4662M,Ash,M,7,5,1,8.96,7.96,6.96,24,,,,,,11873,
1187,3,4662M,Ash,M,12,1,1,8.96,7.96,6.96,24,,,,,,11873,
1187,4,4662M,Ash,L,1,24,1.13,8.96,7.96,6.96,24,,,,,,11874,
1187,4,4662M,Ash,L,2,167,1.13,8.96,7.96,6.96,24,,,,,,11874,
1187,4,4662M,Ash,L,3,0,1.13,8.96,7.96,6.96,24,,,,,,11874,
1187,4,4662M,Ash,L,4,38,1.13,8.96,7.96,6.96,24,,,,,,11874,
1187,4,4662M,Ash,L,5,275,1.13,8.96,7.96,6.96,24,,,,,,11874,
1187,4,4662M,Ash,L,6,24,1.13,8.96,7.96,6.96,24,,,,,,11874,
1187,4,4662M,Ash,L,7,35,1.13,8.96,7.96,6.96,24,,,,,,11874,
1187,4,4662M,Ash,L,12,0,1.13,8.96,7.96,6.96,24,,,,,,11874,
1187,5,4662M,Ash,XL,1,0,1.25,8.96,7.96,6.96,24,,,,,,11875,
1187,5,4662M,Ash,XL,2,90,1.25,8.96,7.96,6.96,24,,,,,,11875,
1187,5,4662M,Ash,XL,3,0,1.25,8.96,7.96,6.96,24,,,,,,11875,
1187,5,4662M,Ash,XL,4,24,1.25,8.96,7.96,6.96,24,,,,,,11875,
1187,5,4662M,Ash,XL,5,332,1.25,8.96,7.96,6.96,24,,,,,,11875,
1187,5,4662M,Ash,XL,6,25,1.25,8.96,7.96,6.96,24,,,,,,11875,
1187,5,4662M,Ash,XL,7,0,1.25,8.96,7.96,6.96,24,,,,,,11875,
1187,5,4662M,Ash,XL,12,30,1.25,8.96,7.96,6.96,24,,,,,,11875,
1190,2,4662M,Black,S,1,27,0.94,9.86,8.86,7.86,24,,,,,,11902,
1190,2,4662M,Black,S,2,114,0.94,9.86,8.86,7.86,24,,,,,,11902,
1190,2,4662M,Black,S,3,64,0.94,9.86,8.86,7.86,24,,,,,,11902,
1190,2,4662M,Black,S,4,82,0.94,9.86,8.86,7.86,24,,,,,,11902,
1190,2,4662M,Black,S,5,148,0.94,9.86,8.86,7.86,24,,,,,,11902,
1190,2,4662M,Black,S,6,12,0.94,9.86,8.86,7.86,24,,,,,,11902,
1190,2,4662M,Black,S,7,21,0.94,9.86,8.86,7.86,24,,,,,,11902,
1190,2,4662M,Black,S,12,0,0.94,9.86,8.86,7.86,24,,,,,,11902,
1190,3,4662M,Black,M,1,20,0.94,9.86,8.86,7.86,24,,,,,,11903,
1190,3,4662M,Black,M,2,218,0.94,9.86,8.86,7.86,24,,,,,,11903,
1190,3,4662M,Black,M,3,60,0.94,9.86,8.86,7.86,24,,,,,,11903,
1190,3,4662M,Black,M,4,70,0.94,9.86,8.86,7.86,24,,,,,,11903,
1190,3,4662M,Black,M,5,276,0.94,9.86,8.86,7.86,24,,,,,,11903,
1190,3,4662M,Black,M,6,19,0.94,9.86,8.86,7.86,24,,,,,,11903,
1190,3,4662M,Black,M,7,16,0.94,9.86,8.86,7.86,24,,,,,,11903,
1190,3,4662M,Black,M,12,17,0.94,9.86,8.86,7.86,24,,,,,,11903,
1190,4,4662M,Black,L,1,44,1.13,9.86,8.86,7.86,24,,,,,,11904,
1190,4,4662M,Black,L,2,355,1.13,9.86,8.86,7.86,24,,,,,,11904,
1190,4,4662M,Black,L,3,174,1.13,9.86,8.86,7.86,24,,,,,,11904,
1190,4,4662M,Black,L,4,55,1.13,9.86,8.86,7.86,24,,,,,,11904,
1190,4,4662M,Black,L,5,386,1.13,9.86,8.86,7.86,24,,,,,,11904,
1190,4,4662M,Black,L,6,82,1.13,9.86,8.86,7.86,24,,,,,,11904,
1190,4,4662M,Black,L,7,106,1.13,9.86,8.86,7.86,24,,,,,,11904,
1190,4,4662M,Black,L,12,14,1.13,9.86,8.86,7.86,24,,,,,,11904,
1190,5,4662M,Black,XL,1,66,1.25,9.86,8.86,7.86,24,,,,,,11905,
1190,5,4662M,Black,XL,2,225,1.25,9.86,8.86,7.86,24,,,,,,11905,
1190,5,4662M,Black,XL,3,22,1.25,9.86,8.86,7.86,24,,,,,,11905,
1190,5,4662M,Black,XL,4,102,1.25,9.86,8.86,7.86,24,,,,,,11905,
1190,5,4662M,Black,XL,5,145,1.25,9.86,8.86,7.86,24,,,,,,11905,
1190,5,4662M,Black,XL,6,55,1.25,9.86,8.86,7.86,24,,,,,,11905,
1190,5,4662M,Black,XL,7,96,1.25,9.86,8.86,7.86,24,,,,,,11905,
1190,5,4662M,Black,XL,12,8,1.25,9.86,8.86,7.86,24,,,,,,11905,
1191,2,4662M,Forest Green,S,1,0,0.94,9.86,8.86,7.86,24,,,,,,11912,
1191,2,4662M,Forest Green,S,2,33,0.94,9.86,8.86,7.86,24,,,,,,11912,
1191,2,4662M,Forest Green,S,3,7,0.94,9.86,8.86,7.86,24,,,,,,11912,
1191,2,4662M,Forest Green,S,4,51,0.94,9.86,8.86,7.86,24,,,,,,11912,
1191,2,4662M,Forest Green,S,5,107,0.94,9.86,8.86,7.86,24,,,,,,11912,
1191,2,4662M,Forest Green,S,6,5,0.94,9.86,8.86,7.86,24,,,,,,11912,
1191,2,4662M,Forest Green,S,7,37,0.94,9.86,8.86,7.86,24,,,,,,11912,
1191,2,4662M,Forest Green,S,12,35,0.94,9.86,8.86,7.86,24,,,,,,11912,
1191,3,4662M,Forest Green,M,1,0,0.94,9.86,8.86,7.86,24,,,,,,11913,
1191,3,4662M,Forest Green,M,2,58,0.94,9.86,8.86,7.86,24,,,,,,11913,
1191,3,4662M,Forest Green,M,3,4,0.94,9.86,8.86,7.86,24,,,,,,11913,
1191,3,4662M,Forest Green,M,4,65,0.94,9.86,8.86,7.86,24,,,,,,11913,
1191,3,4662M,Forest Green,M,5,65,0.94,9.86,8.86,7.86,24,,,,,,11913,
1191,3,4662M,Forest Green,M,6,26,0.94,9.86,8.86,7.86,24,,,,,,11913,
1191,3,4662M,Forest Green,M,7,40,0.94,9.86,8.86,7.86,24,,,,,,11913,
1191,3,4662M,Forest Green,M,12,68,0.94,9.86,8.86,7.86,24,,,,,,11913,
1191,4,4662M,Forest Green,L,1,0,1.13,9.86,8.86,7.86,24,,,,,,11914,
1191,4,4662M,Forest Green,L,2,131,1.13,9.86,8.86,7.86,24,,,,,,11914,
1191,4,4662M,Forest Green,L,3,9,1.13,9.86,8.86,7.86,24,,,,,,11914,
1191,4,4662M,Forest Green,L,4,44,1.13,9.86,8.86,7.86,24,,,,,,11914,
1191,4,4662M,Forest Green,L,5,41,1.13,9.86,8.86,7.86,24,,,,,,11914,
1191,4,4662M,Forest Green,L,6,44,1.13,9.86,8.86,7.86,24,,,,,,11914,
1191,4,4662M,Forest Green,L,7,19,1.13,9.86,8.86,7.86,24,,,,,,11914,
1191,4,4662M,Forest Green,L,12,15,1.13,9.86,8.86,7.86,24,,,,,,11914,
1191,5,4662M,Forest Green,XL,1,0,1.06,9.86,8.86,7.86,24,,,,,,11915,
1191,5,4662M,Forest Green,XL,2,140,1.06,9.86,8.86,7.86,24,,,,,,11915,
1191,5,4662M,Forest Green,XL,3,0,1.06,9.86,8.86,7.86,24,,,,,,11915,
1191,5,4662M,Forest Green,XL,4,0,1.06,9.86,8.86,7.86,24,,,,,,11915,
1191,5,4662M,Forest Green,XL,5,137,1.06,9.86,8.86,7.86,24,,,,,,11915,
1191,5,4662M,Forest Green,XL,6,0,1.06,9.86,8.86,7.86,24,,,,,,11915,
1191,5,4662M,Forest Green,XL,7,0,1.06,9.86,8.86,7.86,24,,,,,,11915,
1191,5,4662M,Forest Green,XL,12,0,1.06,9.86,8.86,7.86,24,,,,,,11915,
1193,2,4662M,Maroon,S,1,0,0.94,9.86,8.86,7.86,24,,,,,,11932,
1193,2,4662M,Maroon,S,2,56,0.94,9.86,8.86,7.86,24,,,,,,11932,
1193,2,4662M,Maroon,S,3,37,0.94,9.86,8.86,7.86,24,,,,,,11932,
1193,2,4662M,Maroon,S,4,153,0.94,9.86,8.86,7.86,24,,,,,,11932,
1193,2,4662M,Maroon,S,5,58,0.94,9.86,8.86,7.86,24,,,,,,11932,
1193,2,4662M,Maroon,S,6,34,0.94,9.86,8.86,7.86,24,,,,,,11932,
1193,2,4662M,Maroon,S,7,35,0.94,9.86,8.86,7.86,24,,,,,,11932,
1193,2,4662M,Maroon,S,12,42,0.94,9.86,8.86,7.86,24,,,,,,11932,
1193,3,4662M,Maroon,M,1,0,1,9.86,8.86,7.86,24,,,,,,11933,
1193,3,4662M,Maroon,M,2,34,1,9.86,8.86,7.86,24,,,,,,11933,
1193,3,4662M,Maroon,M,3,117,1,9.86,8.86,7.86,24,,,,,,11933,
1193,3,4662M,Maroon,M,4,362,1,9.86,8.86,7.86,24,,,,,,11933,
1193,3,4662M,Maroon,M,5,97,1,9.86,8.86,7.86,24,,,,,,11933,
1193,3,4662M,Maroon,M,6,93,1,9.86,8.86,7.86,24,,,,,,11933,
1193,3,4662M,Maroon,M,7,90,1,9.86,8.86,7.86,24,,,,,,11933,
1193,3,4662M,Maroon,M,12,54,1,9.86,8.86,7.86,24,,,,,,11933,
1193,4,4662M,Maroon,L,1,0,1.13,9.86,8.86,7.86,24,,,,,,11934,
1193,4,4662M,Maroon,L,2,44,1.13,9.86,8.86,7.86,24,,,,,,11934,
1193,4,4662M,Maroon,L,3,4,1.13,9.86,8.86,7.86,24,,,,,,11934,
1193,4,4662M,Maroon,L,4,500,1.13,9.86,8.86,7.86,24,,,,,,11934,
1193,4,4662M,Maroon,L,5,141,1.13,9.86,8.86,7.86,24,,,,,,11934,
1193,4,4662M,Maroon,L,6,7,1.13,9.86,8.86,7.86,24,,,,,,11934,
1193,4,4662M,Maroon,L,7,69,1.13,9.86,8.86,7.86,24,,,,,,11934,
1193,4,4662M,Maroon,L,12,24,1.13,9.86,8.86,7.86,24,,,,,,11934,
1193,5,4662M,Maroon,XL,1,0,1.25,9.86,8.86,7.86,24,,,,,,11935,
1193,5,4662M,Maroon,XL,2,40,1.25,9.86,8.86,7.86,24,,,,,,11935,
1193,5,4662M,Maroon,XL,3,21,1.25,9.86,8.86,7.86,24,,,,,,11935,
1193,5,4662M,Maroon,XL,4,377,1.25,9.86,8.86,7.86,24,,,,,,11935,
1193,5,4662M,Maroon,XL,5,30,1.25,9.86,8.86,7.86,24,,,,,,11935,
1193,5,4662M,Maroon,XL,6,20,1.25,9.86,8.86,7.86,24,,,,,,11935,
1193,5,4662M,Maroon,XL,7,90,1.25,9.86,8.86,7.86,24,,,,,,11935,
1193,5,4662M,Maroon,XL,12,11,1.25,9.86,8.86,7.86,24,,,,,,11935,
1194,2,4662M,Navy,S,1,58,0.88,9.86,8.86,7.86,24,,,,,,11942,
1194,2,4662M,Navy,S,2,336,0.88,9.86,8.86,7.86,24,,,,,,11942,
1194,2,4662M,Navy,S,3,56,0.88,9.86,8.86,7.86,24,,,,,,11942,
1194,2,4662M,Navy,S,4,8,0.88,9.86,8.86,7.86,24,,,,,,11942,
1194,2,4662M,Navy,S,5,185,0.88,9.86,8.86,7.86,24,,,,,,11942,
1194,2,4662M,Navy,S,6,323,0.88,9.86,8.86,7.86,24,,,,,,11942,
1194,2,4662M,Navy,S,7,112,0.88,9.86,8.86,7.86,24,,,,,,11942,
1194,2,4662M,Navy,S,12,12,0.88,9.86,8.86,7.86,24,,,,,,11942,
1194,3,4662M,Navy,M,1,53,1,9.86,8.86,7.86,24,,,,,,11943,
1194,3,4662M,Navy,M,2,500,1,9.86,8.86,7.86,24,,,,,,11943,
1194,3,4662M,Navy,M,3,152,1,9.86,8.86,7.86,24,,,,,,11943,
1194,3,4662M,Navy,M,4,37,1,9.86,8.86,7.86,24,,,,,,11943,
1194,3,4662M,Navy,M,5,500,1,9.86,8.86,7.86,24,,,,,,11943,
1194,3,4662M,Navy,M,6,247,1,9.86,8.86,7.86,24,,,,,,11943,
1194,3,4662M,Navy,M,7,142,1,9.86,8.86,7.86,24,,,,,,11943,
1194,3,4662M,Navy,M,12,4,1,9.86,8.86,7.86,24,,,,,,11943,
1194,4,4662M,Navy,L,1,24,1,9.86,8.86,7.86,24,,,,,,11944,
1194,4,4662M,Navy,L,2,500,1,9.86,8.86,7.86,24,,,,,,11944,
1194,4,4662M,Navy,L,3,41,1,9.86,8.86,7.86,24,,,,,,11944,
1194,4,4662M,Navy,L,4,120,1,9.86,8.86,7.86,24,,,,,,11944,
1194,4,4662M,Navy,L,5,500,1,9.86,8.86,7.86,24,,,,,,11944,
1194,4,4662M,Navy,L,6,63,1,9.86,8.86,7.86,24,,,,,,11944,
1194,4,4662M,Navy,L,7,206,1,9.86,8.86,7.86,24,,,,,,11944,
1194,4,4662M,Navy,L,12,0,1,9.86,8.86,7.86,24,,,,,,11944,
1194,5,4662M,Navy,XL,1,50,1.25,9.86,8.86,7.86,24,,,,,,11945,
1194,5,4662M,Navy,XL,2,500,1.25,9.86,8.86,7.86,24,,,,,,11945,
1194,5,4662M,Navy,XL,3,69,1.25,9.86,8.86,7.86,24,,,,,,11945,
1194,5,4662M,Navy,XL,4,39,1.25,9.86,8.86,7.86,24,,,,,,11945,
1194,5,4662M,Navy,XL,5,500,1.25,9.86,8.86,7.86,24,,,,,,11945,
1194,5,4662M,Navy,XL,6,55,1.25,9.86,8.86,7.86,24,,,,,,11945,
1194,5,4662M,Navy,XL,7,163,1.25,9.86,8.86,7.86,24,,,,,,11945,
1194,5,4662M,Navy,XL,12,66,1.25,9.86,8.86,7.86,24,,,,,,11945,
1196,2,4662M,True Red,S,1,0,0.94,9.86,8.86,7.86,24,,,,,,11962,
1196,2,4662M,True Red,S,2,82,0.94,9.86,8.86,7.86,24,,,,,,11962,
1196,2,4662M,True Red,S,3,10,0.94,9.86,8.86,7.86,24,,,,,,11962,
1196,2,4662M,True Red,S,4,5,0.94,9.86,8.86,7.86,24,,,,,,11962,
1196,2,4662M,True Red,S,5,89,0.94,9.86,8.86,7.86,24,,,,,,11962,
1196,2,4662M,True Red,S,6,8,0.94,9.86,8.86,7.86,24,,,,,,11962,
1196,2,4662M,True Red,S,7,149,0.94,9.86,8.86,7.86,24,,,,,,11962,
1196,2,4662M,True Red,S,12,5,0.94,9.86,8.86,7.86,24,,,,,,11962,
1196,3,4662M,True Red,M,1,0,1,9.86,8.86,7.86,24,,,,,,11963,
1196,3,4662M,True Red,M,2,113,1,9.86,8.86,7.86,24,,,,,,11963,
1196,3,4662M,True Red,M,3,33,1,9.86,8.86,7.86,24,,,,,,11963,
1196,3,4662M,True Red,M,4,3,1,9.86,8.86,7.86,24,,,,,,11963,
1196,3,4662M,True Red,M,5,2,1,9.86,8.86,7.86,24,,,,,,11963,
1196,3,4662M,True Red,M,6,21,1,9.86,8.86,7.86,24,,,,,,11963,
1196,3,4662M,True Red,M,7,210,1,9.86,8.86,7.86,24,,,,,,11963,
1196,3,4662M,True Red,M,12,22,1,9.86,8.86,7.86,24,,,,,,11963,
1196,4,4662M,True Red,L,1,0,1.13,9.86,8.86,7.86,24,,,,,,11964,
1196,4,4662M,True Red,L,2,158,1.13,9.86,8.86,7.86,24,,,,,,11964,
1196,4,4662M,True Red,L,3,1,1.13,9.86,8.86,7.86,24,,,,,,11964,
1196,4,4662M,True Red,L,4,0,1.13,9.86,8.86,7.86,24,,,,,,11964,
1196,4,4662M,True Red,L,5,139,1.13,9.86,8.86,7.86,24,,,,,,11964,
1196,4,4662M,True Red,L,6,58,1.13,9.86,8.86,7.86,24,,,,,,11964,
1196,4,4662M,True Red,L,7,120,1.13,9.86,8.86,7.86,24,,,,,,11964,
1196,4,4662M,True Red,L,12,66,1.13,9.86,8.86,7.86,24,,,,,,11964,
1196,5,4662M,True Red,XL,1,0,1.13,9.86,8.86,7.86,24,,,,,,11965,
1196,5,4662M,True Red,XL,2,67,1.13,9.86,8.86,7.86,24,,,,,,11965,
1196,5,4662M,True Red,XL,3,19,1.13,9.86,8.86,7.86,24,,,,,,11965,
1196,5,4662M,True Red,XL,4,10,1.13,9.86,8.86,7.86,24,,,,,,11965,
1196,5,4662M,True Red,XL,5,229,1.13,9.86,8.86,7.86,24,,,,,,11965,
1196,5,4662M,True Red,XL,6,18,1.13,9.86,8.86,7.86,24,,,,,,11965,
1196,5,4662M,True Red,XL,7,207,1.13,9.86,8.86,7.86,24,,,,,,11965,
1196,5,4662M,True Red,XL,12,57,1.13,9.86,8.86,7.86,24,,,,,,11965,
1352,2,5170,White,S,1,313,0.31,3.17,2.67,2.17,72,,,,,,13522,
1352,2,5170,White,S,2,500,0.31,3.17,2.67,2.17,72,,,,,,13522,
1352,2,5170,White,S,3,500,0.31,3.17,2.67,2.17,72,,,,,,13522,
1352,2,5170,White,S,4,500,0.31,3.17,2.67,2.17,72,,,,,,13522,
1352,2,5170,White,S,5,500,0.31,3.17,2.67,2.17,72,,,,,,13522,
1352,2,5170,White,S,6,500,0.31,3.17,2.67,2.17,72,,,,,,13522,
1352,2,5170,White,S,7,0,0.31,3.17,2.67,2.17,72,,,,,,13522,
1352,2,5170,White,S,12,0,0.31,3.17,2.67,2.17,72,,,,,,13522,
1352,3,5170,White,M,1,500,0.38,3.17,2.67,2.17,72,,,,,,13523,
1352,3,5170,White,M,2,500,0.38,3.17,2.67,2.17,72,,,,,,13523,
1352,3,5170,White,M,3,500,0.38,3.17,2.67,2.17,72,,,,,,13523,
1352,3,5170,White,M,4,500,0.38,3.17,2.67,2.17,72,,,,,,13523,
1352,3,5170,White,M,5,500,0.38,3.17,2.67,2.17,72,,,,,,13523,
1352,3,5170,White,M,6,500,0.38,3.17,2.67,2.17,72,,,,,,13523,
1352,3,5170,White,M,7,2,0.38,3.17,2.67,2.17,72,,,,,,13523,
1352,3,5170,White,M,12,0,0.38,3.17,2.67,2.17,72,,,,,,13523,
1352,4,5170,White,L,1,500,0.38,3.17,2.67,2.17,72,,,,,,13524,
1352,4,5170,White,L,2,500,0.38,3.17,2.67,2.17,72,,,,,,13524,
1352,4,5170,White,L,3,500,0.38,3.17,2.67,2.17,72,,,,,,13524,
1352,4,5170,White,L,4,500,0.38,3.17,2.67,2.17,72,,,,,,13524,
1352,4,5170,White,L,5,500,0.38,3.17,2.67,2.17,72,,,,,,13524,
1352,4,5170,White,L,6,500,0.38,3.17,2.67,2.17,72,,,,,,13524,
1352,4,5170,White,L,7,0,0.38,3.17,2.67,2.17,72,,,,,,13524,
1352,4,5170,White,L,12,0,0.38,3.17,2.67,2.17,72,,,,,,13524,
1352,5,5170,White,XL,1,500,0.44,3.17,2.67,2.17,72,,,,,,13525,
1352,5,5170,White,XL,2,500,0.44,3.17,2.67,2.17,72,,,,,,13525,
1352,5,5170,White,XL,3,500,0.44,3.17,2.67,2.17,72,,,,,,13525,
1352,5,5170,White,XL,4,500,0.44,3.17,2.67,2.17,72,,,,,,13525,
1352,5,5170,White,XL,5,500,0.44,3.17,2.67,2.17,72,,,,,,13525,
1352,5,5170,White,XL,6,500,0.44,3.17,2.67,2.17,72,,,,,,13525,
1352,5,5170,White,XL,7,0,0.44,3.17,2.67,2.17,72,,,,,,13525,
1352,5,5170,White,XL,12,0,0.44,3.17,2.67,2.17,72,,,,,,13525,
1355,2,5170,Gold,S,1,500,0.31,4.05,3.55,3.05,72,,,,,,13552,
1355,2,5170,Gold,S,2,342,0.31,4.05,3.55,3.05,72,,,,,,13552,
1355,2,5170,Gold,S,3,247,0.31,4.05,3.55,3.05,72,,,,,,13552,
1355,2,5170,Gold,S,4,500,0.31,4.05,3.55,3.05,72,,,,,,13552,
1355,2,5170,Gold,S,5,401,0.31,4.05,3.55,3.05,72,,,,,,13552,
1355,2,5170,Gold,S,6,437,0.31,4.05,3.55,3.05,72,,,,,,13552,
1355,2,5170,Gold,S,7,0,0.31,4.05,3.55,3.05,72,,,,,,13552,
1355,2,5170,Gold,S,12,2,0.31,4.05,3.55,3.05,72,,,,,,13552,
1355,3,5170,Gold,M,1,500,0.38,4.05,3.55,3.05,72,,,,,,13553,
1355,3,5170,Gold,M,2,332,0.38,4.05,3.55,3.05,72,,,,,,13553,
1355,3,5170,Gold,M,3,409,0.38,4.05,3.55,3.05,72,,,,,,13553,
1355,3,5170,Gold,M,4,500,0.38,4.05,3.55,3.05,72,,,,,,13553,
1355,3,5170,Gold,M,5,376,0.38,4.05,3.55,3.05,72,,,,,,13553,
1355,3,5170,Gold,M,6,433,0.38,4.05,3.55,3.05,72,,,,,,13553,
1355,3,5170,Gold,M,7,0,0.38,4.05,3.55,3.05,72,,,,,,13553,
1355,3,5170,Gold,M,12,0,0.38,4.05,3.55,3.05,72,,,,,,13553,
1355,4,5170,Gold,L,1,500,0.44,4.05,3.55,3.05,72,,,,,,13554,
1355,4,5170,Gold,L,2,325,0.44,4.05,3.55,3.05,72,,,,,,13554,
1355,4,5170,Gold,L,3,448,0.44,4.05,3.55,3.05,72,,,,,,13554,
1355,4,5170,Gold,L,4,464,0.44,4.05,3.55,3.05,72,,,,,,13554,
1355,4,5170,Gold,L,5,247,0.44,4.05,3.55,3.05,72,,,,,,13554,
1355,4,5170,Gold,L,6,500,0.44,4.05,3.55,3.05,72,,,,,,13554,
1355,4,5170,Gold,L,7,0,0.44,4.05,3.55,3.05,72,,,,,,13554,
1355,4,5170,Gold,L,12,0,0.44,4.05,3.55,3.05,72,,,,,,13554,
1355,5,5170,Gold,XL,1,141,0.44,4.05,3.55,3.05,72,,,,,,13555,
1355,5,5170,Gold,XL,2,382,0.44,4.05,3.55,3.05,72,,,,,,13555,
1355,5,5170,Gold,XL,3,315,0.44,4.05,3.55,3.05,72,,,,,,13555,
1355,5,5170,Gold,XL,4,364,0.44,4.05,3.55,3.05,72,,,,,,13555,
1355,5,5170,Gold,XL,5,194,0.44,4.05,3.55,3.05,72,,,,,,13555,
1355,5,5170,Gold,XL,6,500,0.44,4.05,3.55,3.05,72,,,,,,13555,
1355,5,5170,Gold,XL,7,0,0.44,4.05,3.55,3.05,72,,,,,,13555,
1355,5,5170,Gold,XL,12,42,0.44,4.05,3.55,3.05,72,,,,,,13555,
1357,2,5170,Light Blue,S,1,400,0.31,4.05,3.55,3.05,72,,,,,,13572,
1357,2,5170,Light Blue,S,2,431,0.31,4.05,3.55,3.05,72,,,,,,13572,
1357,2,5170,Light Blue,S,3,500,0.31,4.05,3.55,3.05,72,,,,,,13572,
1357,2,5170,Light Blue,S,4,500,0.31,4.05,3.55,3.05,72,,,,,,13572,
1357,2,5170,Light Blue,S,5,500,0.31,4.05,3.55,3.05,72,,,,,,13572,
1357,2,5170,Light Blue,S,6,357,0.31,4.05,3.55,3.05,72,,,,,,13572,
1357,2,5170,Light Blue,S,7,0,0.31,4.05,3.55,3.05,72,,,,,,13572,
1357,2,5170,Light Blue,S,12,0,0.31,4.05,3.55,3.05,72,,,,,,13572,
1357,3,5170,Light Blue,M,1,500,0.38,4.05,3.55,3.05,72,,,,,,13573,
1357,3,5170,Light Blue,M,2,500,0.38,4.05,3.55,3.05,72,,,,,,13573,
1357,3,5170,Light Blue,M,3,500,0.38,4.05,3.55,3.05,72,,,,,,13573,
1357,3,5170,Light Blue,M,4,500,0.38,4.05,3.55,3.05,72,,,,,,13573,
1357,3,5170,Light Blue,M,5,500,0.38,4.05,3.55,3.05,72,,,,,,13573,
1357,3,5170,Light Blue,M,6,395,0.38,4.05,3.55,3.05,72,,,,,,13573,
1357,3,5170,Light Blue,M,7,2,0.38,4.05,3.55,3.05,72,,,,,,13573,
1357,3,5170,Light Blue,M,12,1,0.38,4.05,3.55,3.05,72,,,,,,13573,
1357,4,5170,Light Blue,L,1,500,0.44,4.05,3.55,3.05,72,,,,,,13574,
1357,4,5170,Light Blue,L,2,500,0.44,4.05,3.55,3.05,72,,,,,,13574,
1357,4,5170,Light Blue,L,3,500,0.44,4.05,3.55,3.05,72,,,,,,13574,
1357,4,5170,Light Blue,L,4,500,0.44,4.05,3.55,3.05,72,,,,,,13574,
1357,4,5170,Light Blue,L,5,500,0.44,4.05,3.55,3.05,72,,,,,,13574,
1357,4,5170,Light Blue,L,6,348,0.44,4.05,3.55,3.05,72,,,,,,13574,
1357,4,5170,Light Blue,L,7,0,0.44,4.05,3.55,3.05,72,,,,,,13574,
1357,4,5170,Light Blue,L,12,0,0.44,4.05,3.55,3.05,72,,,,,,13574,
1357,5,5170,Light Blue,XL,1,358,0.44,4.05,3.55,3.05,72,,,,,,13575,
1357,5,5170,Light Blue,XL,2,500,0.44,4.05,3.55,3.05,72,,,,,,13575,
1357,5,5170,Light Blue,XL,3,462,0.44,4.05,3.55,3.05,72,,,,,,13575,
1357,5,5170,Light Blue,XL,4,391,0.44,4.05,3.55,3.05,72,,,,,,13575,
1357,5,5170,Light Blue,XL,5,332,0.44,4.05,3.55,3.05,72,,,,,,13575,
1357,5,5170,Light Blue,XL,6,128,0.44,4.05,3.55,3.05,72,,,,,,13575,
1357,5,5170,Light Blue,XL,7,0,0.44,4.05,3.55,3.05,72,,,,,,13575,
1357,5,5170,Light Blue,XL,12,9,0.44,4.05,3.55,3.05,72,,,,,,13575,
1363,2,5170,Ash,S,1,500,0.31,3.72,3.22,2.72,72,,,,,,13632,
1363,2,5170,Ash,S,2,500,0.31,3.72,3.22,2.72,72,,,,,,13632,
1363,2,5170,Ash,S,3,378,0.31,3.72,3.22,2.72,72,,,,,,13632,
1363,2,5170,Ash,S,4,500,0.31,3.72,3.22,2.72,72,,,,,,13632,
1363,2,5170,Ash,S,5,389,0.31,3.72,3.22,2.72,72,,,,,,13632,
1363,2,5170,Ash,S,6,500,0.31,3.72,3.22,2.72,72,,,,,,13632,
1363,2,5170,Ash,S,7,0,0.31,3.72,3.22,2.72,72,,,,,,13632,
1363,2,5170,Ash,S,12,0,0.31,3.72,3.22,2.72,72,,,,,,13632,
1363,3,5170,Ash,M,1,500,0.38,3.72,3.22,2.72,72,,,,,,13633,
1363,3,5170,Ash,M,2,500,0.38,3.72,3.22,2.72,72,,,,,,13633,
1363,3,5170,Ash,M,3,500,0.38,3.72,3.22,2.72,72,,,,,,13633,
1363,3,5170,Ash,M,4,500,0.38,3.72,3.22,2.72,72,,,,,,13633,
1363,3,5170,Ash,M,5,500,0.38,3.72,3.22,2.72,72,,,,,,13633,
1363,3,5170,Ash,M,6,500,0.38,3.72,3.22,2.72,72,,,,,,13633,
1363,3,5170,Ash,M,7,0,0.38,3.72,3.22,2.72,72,,,,,,13633,
1363,3,5170,Ash,M,12,0,0.38,3.72,3.22,2.72,72,,,,,,13633,
1363,4,5170,Ash,L,1,500,0.38,3.72,3.22,2.72,72,,,,,,13634,
1363,4,5170,Ash,L,2,500,0.38,3.72,3.22,2.72,72,,,,,,13634,
1363,4,5170,Ash,L,3,500,0.38,3.72,3.22,2.72,72,,,,,,13634,
1363,4,5170,Ash,L,4,500,0.38,3.72,3.22,2.72,72,,,,,,13634,
1363,4,5170,Ash,L,5,500,0.38,3.72,3.22,2.72,72,,,,,,13634,
1363,4,5170,Ash,L,6,500,0.38,3.72,3.22,2.72,72,,,,,,13634,
1363,4,5170,Ash,L,7,0,0.38,3.72,3.22,2.72,72,,,,,,13634,
1363,4,5170,Ash,L,12,0,0.38,3.72,3.22,2.72,72,,,,,,13634,
1363,5,5170,Ash,XL,1,500,0.44,3.72,3.22,2.72,72,,,,,,13635,
1363,5,5170,Ash,XL,2,500,0.44,3.72,3.22,2.72,72,,,,,,13635,
1363,5,5170,Ash,XL,3,416,0.44,3.72,3.22,2.72,72,,,,,,13635,
1363,5,5170,Ash,XL,4,500,0.44,3.72,3.22,2.72,72,,,,,,13635,
1363,5,5170,Ash,XL,5,500,0.44,3.72,3.22,2.72,72,,,,,,13635,
1363,5,5170,Ash,XL,6,500,0.44,3.72,3.22,2.72,72,,,,,,13635,
1363,5,5170,Ash,XL,7,0,0.44,3.72,3.22,2.72,72,,,,,,13635,
1363,5,5170,Ash,XL,12,0,0.44,3.72,3.22,2.72,72,,,,,,13635,
1369,2,5170,Yellow,S,1,304,0.31,4.05,3.55,3.05,72,,,,,,13692,
1369,2,5170,Yellow,S,2,323,0.31,4.05,3.55,3.05,72,,,,,,13692,
1369,2,5170,Yellow,S,3,341,0.31,4.05,3.55,3.05,72,,,,,,13692,
1369,2,5170,Yellow,S,4,500,0.31,4.05,3.55,3.05,72,,,,,,13692,
1369,2,5170,Yellow,S,5,500,0.31,4.05,3.55,3.05,72,,,,,,13692,
1369,2,5170,Yellow,S,6,348,0.31,4.05,3.55,3.05,72,,,,,,13692,
1369,2,5170,Yellow,S,7,0,0.31,4.05,3.55,3.05,72,,,,,,13692,
1369,2,5170,Yellow,S,12,0,0.31,4.05,3.55,3.05,72,,,,,,13692,
1369,3,5170,Yellow,M,1,398,0.38,4.05,3.55,3.05,72,,,,,,13693,
1369,3,5170,Yellow,M,2,480,0.38,4.05,3.55,3.05,72,,,,,,13693,
1369,3,5170,Yellow,M,3,469,0.38,4.05,3.55,3.05,72,,,,,,13693,
1369,3,5170,Yellow,M,4,500,0.38,4.05,3.55,3.05,72,,,,,,13693,
1369,3,5170,Yellow,M,5,500,0.38,4.05,3.55,3.05,72,,,,,,13693,
1369,3,5170,Yellow,M,6,453,0.38,4.05,3.55,3.05,72,,,,,,13693,
1369,3,5170,Yellow,M,7,0,0.38,4.05,3.55,3.05,72,,,,,,13693,
1369,3,5170,Yellow,M,12,0,0.38,4.05,3.55,3.05,72,,,,,,13693,
1369,4,5170,Yellow,L,1,305,0.38,4.05,3.55,3.05,72,,,,,,13694,
1369,4,5170,Yellow,L,2,500,0.38,4.05,3.55,3.05,72,,,,,,13694,
1369,4,5170,Yellow,L,3,357,0.38,4.05,3.55,3.05,72,,,,,,13694,
1369,4,5170,Yellow,L,4,500,0.38,4.05,3.55,3.05,72,,,,,,13694,
1369,4,5170,Yellow,L,5,500,0.38,4.05,3.55,3.05,72,,,,,,13694,
1369,4,5170,Yellow,L,6,373,0.38,4.05,3.55,3.05,72,,,,,,13694,
1369,4,5170,Yellow,L,7,2,0.38,4.05,3.55,3.05,72,,,,,,13694,
1369,4,5170,Yellow,L,12,2,0.38,4.05,3.55,3.05,72,,,,,,13694,
1369,5,5170,Yellow,XL,1,69,0.44,4.05,3.55,3.05,72,,,,,,13695,
1369,5,5170,Yellow,XL,2,500,0.44,4.05,3.55,3.05,72,,,,,,13695,
1369,5,5170,Yellow,XL,3,280,0.44,4.05,3.55,3.05,72,,,,,,13695,
1369,5,5170,Yellow,XL,4,500,0.44,4.05,3.55,3.05,72,,,,,,13695,
1369,5,5170,Yellow,XL,5,257,0.44,4.05,3.55,3.05,72,,,,,,13695,
1369,5,5170,Yellow,XL,6,197,0.44,4.05,3.55,3.05,72,,,,,,13695,
1369,5,5170,Yellow,XL,7,32,0.44,4.05,3.55,3.05,72,,,,,,13695,
1369,5,5170,Yellow,XL,12,61,0.44,4.05,3.55,3.05,72,,,,,,13695,
1370,2,5170,Black,S,1,500,0.31,4.05,3.55,3.05,72,,,,,,13702,
1370,2,5170,Black,S,2,500,0.31,4.05,3.55,3.05,72,,,,,,13702,
1370,2,5170,Black,S,3,500,0.31,4.05,3.55,3.05,72,,,,,,13702,
1370,2,5170,Black,S,4,500,0.31,4.05,3.55,3.05,72,,,,,,13702,
1370,2,5170,Black,S,5,500,0.31,4.05,3.55,3.05,72,,,,,,13702,
1370,2,5170,Black,S,6,500,0.31,4.05,3.55,3.05,72,,,,,,13702,
1370,2,5170,Black,S,7,0,0.31,4.05,3.55,3.05,72,,,,,,13702,
1370,2,5170,Black,S,12,0,0.31,4.05,3.55,3.05,72,,,,,,13702,
1370,3,5170,Black,M,1,500,0.38,4.05,3.55,3.05,72,,,,,,13703,
1370,3,5170,Black,M,2,500,0.38,4.05,3.55,3.05,72,,,,,,13703,
1370,3,5170,Black,M,3,500,0.38,4.05,3.55,3.05,72,,,,,,13703,
1370,3,5170,Black,M,4,500,0.38,4.05,3.55,3.05,72,,,,,,13703,
1370,3,5170,Black,M,5,500,0.38,4.05,3.55,3.05,72,,,,,,13703,
1370,3,5170,Black,M,6,500,0.38,4.05,3.55,3.05,72,,,,,,13703,
1370,3,5170,Black,M,7,0,0.38,4.05,3.55,3.05,72,,,,,,13703,
1370,3,5170,Black,M,12,0,0.38,4.05,3.55,3.05,72,,,,,,13703,
1370,4,5170,Black,L,1,500,0.38,4.05,3.55,3.05,72,,,,,,13704,
1370,4,5170,Black,L,2,500,0.38,4.05,3.55,3.05,72,,,,,,13704,
1370,4,5170,Black,L,3,500,0.38,4.05,3.55,3.05,72,,,,,,13704,
1370,4,5170,Black,L,4,500,0.38,4.05,3.55,3.05,72,,,,,,13704,
1370,4,5170,Black,L,5,500,0.38,4.05,3.55,3.05,72,,,,,,13704,
1370,4,5170,Black,L,6,500,0.38,4.05,3.55,3.05,72,,,,,,13704,
1370,4,5170,Black,L,7,0,0.38,4.05,3.55,3.05,72,,,,,,13704,
1370,4,5170,Black,L,12,0,0.38,4.05,3.55,3.05,72,,,,,,13704,
1370,5,5170,Black,XL,1,500,0.44,4.05,3.55,3.05,72,,,,,,13705,
1370,5,5170,Black,XL,2,500,0.44,4.05,3.55,3.05,72,,,,,,13705,
1370,5,5170,Black,XL,3,500,0.44,4.05,3.55,3.05,72,,,,,,13705,
1370,5,5170,Black,XL,4,500,0.44,4.05,3.55,3.05,72,,,,,,13705,
1370,5,5170,Black,XL,5,500,0.44,4.05,3.55,3.05,72,,,,,,13705,
1370,5,5170,Black,XL,6,500,0.44,4.05,3.55,3.05,72,,,,,,13705,
1370,5,5170,Black,XL,7,0,0.44,4.05,3.55,3.05,72,,,,,,13705,
1370,5,5170,Black,XL,12,0,0.44,4.05,3.55,3.05,72,,,,,,13705,
1374,2,5170,Purple,S,1,500,0.31,4.05,3.55,3.05,72,,,,,,13742,
1374,2,5170,Purple,S,2,500,0.31,4.05,3.55,3.05,72,,,,,,13742,
1374,2,5170,Purple,S,3,311,0.31,4.05,3.55,3.05,72,,,,,,13742,
1374,2,5170,Purple,S,4,500,0.31,4.05,3.55,3.05,72,,,,,,13742,
1374,2,5170,Purple,S,5,500,0.31,4.05,3.55,3.05,72,,,,,,13742,
1374,2,5170,Purple,S,6,500,0.31,4.05,3.55,3.05,72,,,,,,13742,
1374,2,5170,Purple,S,7,0,0.31,4.05,3.55,3.05,72,,,,,,13742,
1374,2,5170,Purple,S,12,0,0.31,4.05,3.55,3.05,72,,,,,,13742,
1374,3,5170,Purple,M,1,500,0.38,4.05,3.55,3.05,72,,,,,,13743,
1374,3,5170,Purple,M,2,500,0.38,4.05,3.55,3.05,72,,,,,,13743,
1374,3,5170,Purple,M,3,500,0.38,4.05,3.55,3.05,72,,,,,,13743,
1374,3,5170,Purple,M,4,500,0.38,4.05,3.55,3.05,72,,,,,,13743,
1374,3,5170,Purple,M,5,500,0.38,4.05,3.55,3.05,72,,,,,,13743,
1374,3,5170,Purple,M,6,500,0.38,4.05,3.55,3.05,72,,,,,,13743,
1374,3,5170,Purple,M,7,0,0.38,4.05,3.55,3.05,72,,,,,,13743,
1374,3,5170,Purple,M,12,0,0.38,4.05,3.55,3.05,72,,,,,,13743,
1374,4,5170,Purple,L,1,500,0.38,4.05,3.55,3.05,72,,,,,,13744,
1374,4,5170,Purple,L,2,500,0.38,4.05,3.55,3.05,72,,,,,,13744,
1374,4,5170,Purple,L,3,500,0.38,4.05,3.55,3.05,72,,,,,,13744,
1374,4,5170,Purple,L,4,247,0.38,4.05,3.55,3.05,72,,,,,,13744,
1374,4,5170,Purple,L,5,500,0.38,4.05,3.55,3.05,72,,,,,,13744,
1374,4,5170,Purple,L,6,500,0.38,4.05,3.55,3.05,72,,,,,,13744,
1374,4,5170,Purple,L,7,0,0.38,4.05,3.55,3.05,72,,,,,,13744,
1374,4,5170,Purple,L,12,0,0.38,4.05,3.55,3.05,72,,,,,,13744,
1374,5,5170,Purple,XL,1,500,0.44,4.05,3.55,3.05,72,,,,,,13745,
1374,5,5170,Purple,XL,2,500,0.44,4.05,3.55,3.05,72,,,,,,13745,
1374,5,5170,Purple,XL,3,391,0.44,4.05,3.55,3.05,72,,,,,,13745,
1374,5,5170,Purple,XL,4,500,0.44,4.05,3.55,3.05,72,,,,,,13745,
1374,5,5170,Purple,XL,5,500,0.44,4.05,3.55,3.05,72,,,,,,13745,
1374,5,5170,Purple,XL,6,327,0.44,4.05,3.55,3.05,72,,,,,,13745,
1374,5,5170,Purple,XL,7,2,0.44,4.05,3.55,3.05,72,,,,,,13745,
1374,5,5170,Purple,XL,12,0,0.44,4.05,3.55,3.05,72,,,,,,13745,
1379,2,5170,Kelly Green,S,1,72,0.31,4.05,3.55,3.05,72,,,,,,13792,
1379,2,5170,Kelly Green,S,2,237,0.31,4.05,3.55,3.05,72,,,,,,13792,
1379,2,5170,Kelly Green,S,3,500,0.31,4.05,3.55,3.05,72,,,,,,13792,
1379,2,5170,Kelly Green,S,4,288,0.31,4.05,3.55,3.05,72,,,,,,13792,
1379,2,5170,Kelly Green,S,5,293,0.31,4.05,3.55,3.05,72,,,,,,13792,
1379,2,5170,Kelly Green,S,6,198,0.31,4.05,3.55,3.05,72,,,,,,13792,
1379,2,5170,Kelly Green,S,7,0,0.31,4.05,3.55,3.05,72,,,,,,13792,
1379,2,5170,Kelly Green,S,12,0,0.31,4.05,3.55,3.05,72,,,,,,13792,
1379,3,5170,Kelly Green,M,1,405,0.38,4.05,3.55,3.05,72,,,,,,13793,
1379,3,5170,Kelly Green,M,2,493,0.38,4.05,3.55,3.05,72,,,,,,13793,
1379,3,5170,Kelly Green,M,3,500,0.38,4.05,3.55,3.05,72,,,,,,13793,
1379,3,5170,Kelly Green,M,4,0,0.38,4.05,3.55,3.05,72,,,,,,13793,
1379,3,5170,Kelly Green,M,5,484,0.38,4.05,3.55,3.05,72,,,,,,13793,
1379,3,5170,Kelly Green,M,6,105,0.38,4.05,3.55,3.05,72,,,,,,13793,
1379,3,5170,Kelly Green,M,7,0,0.38,4.05,3.55,3.05,72,,,,,,13793,
1379,3,5170,Kelly Green,M,12,0,0.38,4.05,3.55,3.05,72,,,,,,13793,
1379,4,5170,Kelly Green,L,1,325,0.38,4.05,3.55,3.05,72,,,,,,13794,
1379,4,5170,Kelly Green,L,2,415,0.38,4.05,3.55,3.05,72,,,,,,13794,
1379,4,5170,Kelly Green,L,3,500,0.38,4.05,3.55,3.05,72,,,,,,13794,
1379,4,5170,Kelly Green,L,4,321,0.38,4.05,3.55,3.05,72,,,,,,13794,
1379,4,5170,Kelly Green,L,5,500,0.38,4.05,3.55,3.05,72,,,,,,13794,
1379,4,5170,Kelly Green,L,6,402,0.38,4.05,3.55,3.05,72,,,,,,13794,
1379,4,5170,Kelly Green,L,7,0,0.38,4.05,3.55,3.05,72,,,,,,13794,
1379,4,5170,Kelly Green,L,12,29,0.38,4.05,3.55,3.05,72,,,,,,13794,
1379,5,5170,Kelly Green,XL,1,206,0.44,4.05,3.55,3.05,72,,,,,,13795,
1379,5,5170,Kelly Green,XL,2,500,0.44,4.05,3.55,3.05,72,,,,,,13795,
1379,5,5170,Kelly Green,XL,3,500,0.44,4.05,3.55,3.05,72,,,,,,13795,
1379,5,5170,Kelly Green,XL,4,288,0.44,4.05,3.55,3.05,72,,,,,,13795,
1379,5,5170,Kelly Green,XL,5,474,0.44,4.05,3.55,3.05,72,,,,,,13795,
1379,5,5170,Kelly Green,XL,6,447,0.44,4.05,3.55,3.05,72,,,,,,13795,
1379,5,5170,Kelly Green,XL,7,0,0.44,4.05,3.55,3.05,72,,,,,,13795,
1379,5,5170,Kelly Green,XL,12,49,0.44,4.05,3.55,3.05,72,,,,,,13795,
1385,2,5170,Teal,S,1,475,0.31,4.05,3.55,3.05,72,,,,,,13852,
1385,2,5170,Teal,S,2,500,0.31,4.05,3.55,3.05,72,,,,,,13852,
1385,2,5170,Teal,S,3,500,0.31,4.05,3.55,3.05,72,,,,,,13852,
1385,2,5170,Teal,S,4,500,0.31,4.05,3.55,3.05,72,,,,,,13852,
1385,2,5170,Teal,S,5,396,0.31,4.05,3.55,3.05,72,,,,,,13852,
1385,2,5170,Teal,S,6,500,0.31,4.05,3.55,3.05,72,,,,,,13852,
1385,2,5170,Teal,S,7,0,0.31,4.05,3.55,3.05,72,,,,,,13852,
1385,2,5170,Teal,S,12,0,0.31,4.05,3.55,3.05,72,,,,,,13852,
1385,3,5170,Teal,M,1,500,0.38,4.05,3.55,3.05,72,,,,,,13853,
1385,3,5170,Teal,M,2,500,0.38,4.05,3.55,3.05,72,,,,,,13853,
1385,3,5170,Teal,M,3,500,0.38,4.05,3.55,3.05,72,,,,,,13853,
1385,3,5170,Teal,M,4,500,0.38,4.05,3.55,3.05,72,,,,,,13853,
1385,3,5170,Teal,M,5,399,0.38,4.05,3.55,3.05,72,,,,,,13853,
1385,3,5170,Teal,M,6,500,0.38,4.05,3.55,3.05,72,,,,,,13853,
1385,3,5170,Teal,M,7,2,0.38,4.05,3.55,3.05,72,,,,,,13853,
1385,3,5170,Teal,M,12,0,0.38,4.05,3.55,3.05,72,,,,,,13853,
1385,4,5170,Teal,L,1,500,0.38,4.05,3.55,3.05,72,,,,,,13854,
1385,4,5170,Teal,L,2,500,0.38,4.05,3.55,3.05,72,,,,,,13854,
1385,4,5170,Teal,L,3,500,0.38,4.05,3.55,3.05,72,,,,,,13854,
1385,4,5170,Teal,L,4,500,0.38,4.05,3.55,3.05,72,,,,,,13854,
1385,4,5170,Teal,L,5,390,0.38,4.05,3.55,3.05,72,,,,,,13854,
1385,4,5170,Teal,L,6,500,0.38,4.05,3.55,3.05,72,,,,,,13854,
1385,4,5170,Teal,L,7,0,0.38,4.05,3.55,3.05,72,,,,,,13854,
1385,4,5170,Teal,L,12,0,0.38,4.05,3.55,3.05,72,,,,,,13854,
1385,5,5170,Teal,XL,1,408,0.44,4.05,3.55,3.05,72,,,,,,13855,
1385,5,5170,Teal,XL,2,500,0.44,4.05,3.55,3.05,72,,,,,,13855,
1385,5,5170,Teal,XL,3,500,0.44,4.05,3.55,3.05,72,,,,,,13855,
1385,5,5170,Teal,XL,4,500,0.44,4.05,3.55,3.05,72,,,,,,13855,
1385,5,5170,Teal,XL,5,416,0.44,4.05,3.55,3.05,72,,,,,,13855,
1385,5,5170,Teal,XL,6,500,0.44,4.05,3.55,3.05,72,,,,,,13855,
1385,5,5170,Teal,XL,7,2,0.44,4.05,3.55,3.05,72,,,,,,13855,
1385,5,5170,Teal,XL,12,26,0.44,4.05,3.55,3.05,72,,,,,,13855,
1388,2,5180,White,S,1,253,0.31,3.99,3.49,2.99,72,,,,,,13882,
1388,2,5180,White,S,2,407,0.31,3.99,3.49,2.99,72,,,,,,13882,
1388,2,5180,White,S,3,500,0.31,3.99,3.49,2.99,72,,,,,,13882,
1388,2,5180,White,S,4,500,0.31,3.99,3.49,2.99,72,,,,,,13882,
1388,2,5180,White,S,5,378,0.31,3.99,3.49,2.99,72,,,,,,13882,
1388,2,5180,White,S,6,500,0.31,3.99,3.49,2.99,72,,,,,,13882,
1388,2,5180,White,S,7,0,0.31,3.99,3.49,2.99,72,,,,,,13882,
1388,2,5180,White,S,12,0,0.31,3.99,3.49,2.99,72,,,,,,13882,
1388,3,5180,White,M,1,500,0.44,3.99,3.49,2.99,72,,,,,,13883,
1388,3,5180,White,M,2,467,0.44,3.99,3.49,2.99,72,,,,,,13883,
1388,3,5180,White,M,3,500,0.44,3.99,3.49,2.99,72,,,,,,13883,
1388,3,5180,White,M,4,500,0.44,3.99,3.49,2.99,72,,,,,,13883,
1388,3,5180,White,M,5,500,0.44,3.99,3.49,2.99,72,,,,,,13883,
1388,3,5180,White,M,6,500,0.44,3.99,3.49,2.99,72,,,,,,13883,
1388,3,5180,White,M,7,0,0.44,3.99,3.49,2.99,72,,,,,,13883,
1388,3,5180,White,M,12,0,0.44,3.99,3.49,2.99,72,,,,,,13883,
1388,4,5180,White,L,1,500,0.5,3.99,3.49,2.99,72,,,,,,13884,
1388,4,5180,White,L,2,500,0.5,3.99,3.49,2.99,72,,,,,,13884,
1388,4,5180,White,L,3,500,0.5,3.99,3.49,2.99,72,,,,,,13884,
1388,4,5180,White,L,4,500,0.5,3.99,3.49,2.99,72,,,,,,13884,
1388,4,5180,White,L,5,500,0.5,3.99,3.49,2.99,72,,,,,,13884,
1388,4,5180,White,L,6,500,0.5,3.99,3.49,2.99,72,,,,,,13884,
1388,4,5180,White,L,7,0,0.5,3.99,3.49,2.99,72,,,,,,13884,
1388,4,5180,White,L,12,0,0.5,3.99,3.49,2.99,72,,,,,,13884,
1388,5,5180,White,XL,1,500,0.5,3.99,3.49,2.99,72,,,,,,13885,
1388,5,5180,White,XL,2,500,0.5,3.99,3.49,2.99,72,,,,,,13885,
1388,5,5180,White,XL,3,500,0.5,3.99,3.49,2.99,72,,,,,,13885,
1388,5,5180,White,XL,4,500,0.5,3.99,3.49,2.99,72,,,,,,13885,
1388,5,5180,White,XL,5,500,0.5,3.99,3.49,2.99,72,,,,,,13885,
1388,5,5180,White,XL,6,500,0.5,3.99,3.49,2.99,72,,,,,,13885,
1388,5,5180,White,XL,7,51,0.5,3.99,3.49,2.99,72,,,,,,13885,
1388,5,5180,White,XL,12,0,0.5,3.99,3.49,2.99,72,,,,,,13885,
1394,2,5180,Light Blue,S,1,0,0.31,5.32,4.82,4.32,72,,,,,,13942,
1394,2,5180,Light Blue,S,2,45,0.31,5.32,4.82,4.32,72,,,,,,13942,
1394,2,5180,Light Blue,S,3,70,0.31,5.32,4.82,4.32,72,,,,,,13942,
1394,2,5180,Light Blue,S,4,48,0.31,5.32,4.82,4.32,72,,,,,,13942,
1394,2,5180,Light Blue,S,5,66,0.31,5.32,4.82,4.32,72,,,,,,13942,
1394,2,5180,Light Blue,S,6,70,0.31,5.32,4.82,4.32,72,,,,,,13942,
1394,2,5180,Light Blue,S,7,38,0.31,5.32,4.82,4.32,72,,,,,,13942,
1394,2,5180,Light Blue,S,12,0,0.31,5.32,4.82,4.32,72,,,,,,13942,
1394,3,5180,Light Blue,M,1,0,0.44,5.32,4.82,4.32,72,,,,,,13943,
1394,3,5180,Light Blue,M,2,88,0.44,5.32,4.82,4.32,72,,,,,,13943,
1394,3,5180,Light Blue,M,3,107,0.44,5.32,4.82,4.32,72,,,,,,13943,
1394,3,5180,Light Blue,M,4,89,0.44,5.32,4.82,4.32,72,,,,,,13943,
1394,3,5180,Light Blue,M,5,65,0.44,5.32,4.82,4.32,72,,,,,,13943,
1394,3,5180,Light Blue,M,6,92,0.44,5.32,4.82,4.32,72,,,,,,13943,
1394,3,5180,Light Blue,M,7,10,0.44,5.32,4.82,4.32,72,,,,,,13943,
1394,3,5180,Light Blue,M,12,0,0.44,5.32,4.82,4.32,72,,,,,,13943,
1394,4,5180,Light Blue,L,1,0,0.44,5.32,4.82,4.32,72,,,,,,13944,
1394,4,5180,Light Blue,L,2,166,0.44,5.32,4.82,4.32,72,,,,,,13944,
1394,4,5180,Light Blue,L,3,39,0.44,5.32,4.82,4.32,72,,,,,,13944,
1394,4,5180,Light Blue,L,4,193,0.44,5.32,4.82,4.32,72,,,,,,13944,
1394,4,5180,Light Blue,L,5,46,0.44,5.32,4.82,4.32,72,,,,,,13944,
1394,4,5180,Light Blue,L,6,70,0.44,5.32,4.82,4.32,72,,,,,,13944,
1394,4,5180,Light Blue,L,7,24,0.44,5.32,4.82,4.32,72,,,,,,13944,
1394,4,5180,Light Blue,L,12,0,0.44,5.32,4.82,4.32,72,,,,,,13944,
1394,5,5180,Light Blue,XL,1,0,0.56,5.32,4.82,4.32,72,,,,,,13945,
1394,5,5180,Light Blue,XL,2,83,0.56,5.32,4.82,4.32,72,,,,,,13945,
1394,5,5180,Light Blue,XL,3,101,0.56,5.32,4.82,4.32,72,,,,,,13945,
1394,5,5180,Light Blue,XL,4,67,0.56,5.32,4.82,4.32,72,,,,,,13945,
1394,5,5180,Light Blue,XL,5,77,0.56,5.32,4.82,4.32,72,,,,,,13945,
1394,5,5180,Light Blue,XL,6,64,0.56,5.32,4.82,4.32,72,,,,,,13945,
1394,5,5180,Light Blue,XL,7,77,0.56,5.32,4.82,4.32,72,,,,,,13945,
1394,5,5180,Light Blue,XL,12,0,0.56,5.32,4.82,4.32,72,,,,,,13945,
1397,2,5180,Natural,S,1,29,0.31,3.99,3.49,2.99,72,,,,,,13972,
1397,2,5180,Natural,S,2,78,0.31,3.99,3.49,2.99,72,,,,,,13972,
1397,2,5180,Natural,S,3,47,0.31,3.99,3.49,2.99,72,,,,,,13972,
1397,2,5180,Natural,S,4,189,0.31,3.99,3.49,2.99,72,,,,,,13972,
1397,2,5180,Natural,S,5,29,0.31,3.99,3.49,2.99,72,,,,,,13972,
1397,2,5180,Natural,S,6,10,0.31,3.99,3.49,2.99,72,,,,,,13972,
1397,2,5180,Natural,S,7,6,0.31,3.99,3.49,2.99,72,,,,,,13972,
1397,2,5180,Natural,S,12,0,0.31,3.99,3.49,2.99,72,,,,,,13972,
1397,3,5180,Natural,M,1,83,0.44,3.99,3.49,2.99,72,,,,,,13973,
1397,3,5180,Natural,M,2,154,0.44,3.99,3.49,2.99,72,,,,,,13973,
1397,3,5180,Natural,M,3,108,0.44,3.99,3.49,2.99,72,,,,,,13973,
1397,3,5180,Natural,M,4,255,0.44,3.99,3.49,2.99,72,,,,,,13973,
1397,3,5180,Natural,M,5,41,0.44,3.99,3.49,2.99,72,,,,,,13973,
1397,3,5180,Natural,M,6,33,0.44,3.99,3.49,2.99,72,,,,,,13973,
1397,3,5180,Natural,M,7,0,0.44,3.99,3.49,2.99,72,,,,,,13973,
1397,3,5180,Natural,M,12,0,0.44,3.99,3.49,2.99,72,,,,,,13973,
1397,4,5180,Natural,L,1,90,0.5,3.99,3.49,2.99,72,,,,,,13974,
1397,4,5180,Natural,L,2,293,0.5,3.99,3.49,2.99,72,,,,,,13974,
1397,4,5180,Natural,L,3,169,0.5,3.99,3.49,2.99,72,,,,,,13974,
1397,4,5180,Natural,L,4,338,0.5,3.99,3.49,2.99,72,,,,,,13974,
1397,4,5180,Natural,L,5,81,0.5,3.99,3.49,2.99,72,,,,,,13974,
1397,4,5180,Natural,L,6,74,0.5,3.99,3.49,2.99,72,,,,,,13974,
1397,4,5180,Natural,L,7,64,0.5,3.99,3.49,2.99,72,,,,,,13974,
1397,4,5180,Natural,L,12,0,0.5,3.99,3.49,2.99,72,,,,,,13974,
1397,5,5180,Natural,XL,1,86,0.56,3.99,3.49,2.99,72,,,,,,13975,
1397,5,5180,Natural,XL,2,157,0.56,3.99,3.49,2.99,72,,,,,,13975,
1397,5,5180,Natural,XL,3,187,0.56,3.99,3.49,2.99,72,,,,,,13975,
1397,5,5180,Natural,XL,4,217,0.56,3.99,3.49,2.99,72,,,,,,13975,
1397,5,5180,Natural,XL,5,79,0.56,3.99,3.49,2.99,72,,,,,,13975,
1397,5,5180,Natural,XL,6,87,0.56,3.99,3.49,2.99,72,,,,,,13975,
1397,5,5180,Natural,XL,7,54,0.56,3.99,3.49,2.99,72,,,,,,13975,
1397,5,5180,Natural,XL,12,0,0.56,3.99,3.49,2.99,72,,,,,,13975,
1402,2,5180,Ash,S,1,129,0.31,4.99,4.49,3.99,72,,,,,,14022,
1402,2,5180,Ash,S,2,38,0.31,4.99,4.49,3.99,72,,,,,,14022,
1402,2,5180,Ash,S,3,150,0.31,4.99,4.49,3.99,72,,,,,,14022,
1402,2,5180,Ash,S,4,271,0.31,4.99,4.49,3.99,72,,,,,,14022,
1402,2,5180,Ash,S,5,204,0.31,4.99,4.49,3.99,72,,,,,,14022,
1402,2,5180,Ash,S,6,209,0.31,4.99,4.49,3.99,72,,,,,,14022,
1402,2,5180,Ash,S,7,84,0.31,4.99,4.49,3.99,72,,,,,,14022,
1402,2,5180,Ash,S,12,43,0.31,4.99,4.49,3.99,72,,,,,,14022,
1402,3,5180,Ash,M,1,212,0.38,4.99,4.49,3.99,72,,,,,,14023,
1402,3,5180,Ash,M,2,132,0.38,4.99,4.49,3.99,72,,,,,,14023,
1402,3,5180,Ash,M,3,188,0.38,4.99,4.49,3.99,72,,,,,,14023,
1402,3,5180,Ash,M,4,500,0.38,4.99,4.49,3.99,72,,,,,,14023,
1402,3,5180,Ash,M,5,316,0.38,4.99,4.49,3.99,72,,,,,,14023,
1402,3,5180,Ash,M,6,330,0.38,4.99,4.49,3.99,72,,,,,,14023,
1402,3,5180,Ash,M,7,2,0.38,4.99,4.49,3.99,72,,,,,,14023,
1402,3,5180,Ash,M,12,0,0.38,4.99,4.49,3.99,72,,,,,,14023,
1402,4,5180,Ash,L,1,338,0.5,4.99,4.49,3.99,72,,,,,,14024,
1402,4,5180,Ash,L,2,347,0.5,4.99,4.49,3.99,72,,,,,,14024,
1402,4,5180,Ash,L,3,500,0.5,4.99,4.49,3.99,72,,,,,,14024,
1402,4,5180,Ash,L,4,500,0.5,4.99,4.49,3.99,72,,,,,,14024,
1402,4,5180,Ash,L,5,500,0.5,4.99,4.49,3.99,72,,,,,,14024,
1402,4,5180,Ash,L,6,420,0.5,4.99,4.49,3.99,72,,,,,,14024,
1402,4,5180,Ash,L,7,0,0.5,4.99,4.49,3.99,72,,,,,,14024,
1402,4,5180,Ash,L,12,0,0.5,4.99,4.49,3.99,72,,,,,,14024,
1402,5,5180,Ash,XL,1,330,0.56,4.99,4.49,3.99,72,,,,,,14025,
1402,5,5180,Ash,XL,2,336,0.56,4.99,4.49,3.99,72,,,,,,14025,
1402,5,5180,Ash,XL,3,500,0.56,4.99,4.49,3.99,72,,,,,,14025,
1402,5,5180,Ash,XL,4,500,0.56,4.99,4.49,3.99,72,,,,,,14025,
1402,5,5180,Ash,XL,5,500,0.56,4.99,4.49,3.99,72,,,,,,14025,
1402,5,5180,Ash,XL,6,449,0.56,4.99,4.49,3.99,72,,,,,,14025,
1402,5,5180,Ash,XL,7,0,0.56,4.99,4.49,3.99,72,,,,,,14025,
1402,5,5180,Ash,XL,12,0,0.56,4.99,4.49,3.99,72,,,,,,14025,
1409,2,5180,Yellow,S,1,28,0.31,5.32,4.82,4.32,72,,,,,,14092,
1409,2,5180,Yellow,S,2,71,0.31,5.32,4.82,4.32,72,,,,,,14092,
1409,2,5180,Yellow,S,3,66,0.31,5.32,4.82,4.32,72,,,,,,14092,
1409,2,5180,Yellow,S,4,71,0.31,5.32,4.82,4.32,72,,,,,,14092,
1409,2,5180,Yellow,S,5,52,0.31,5.32,4.82,4.32,72,,,,,,14092,
1409,2,5180,Yellow,S,6,93,0.31,5.32,4.82,4.32,72,,,,,,14092,
1409,2,5180,Yellow,S,7,15,0.31,5.32,4.82,4.32,72,,,,,,14092,
1409,2,5180,Yellow,S,12,38,0.31,5.32,4.82,4.32,72,,,,,,14092,
1409,3,5180,Yellow,M,1,77,0.44,5.32,4.82,4.32,72,,,,,,14093,
1409,3,5180,Yellow,M,2,41,0.44,5.32,4.82,4.32,72,,,,,,14093,
1409,3,5180,Yellow,M,3,99,0.44,5.32,4.82,4.32,72,,,,,,14093,
1409,3,5180,Yellow,M,4,72,0.44,5.32,4.82,4.32,72,,,,,,14093,
1409,3,5180,Yellow,M,5,73,0.44,5.32,4.82,4.32,72,,,,,,14093,
1409,3,5180,Yellow,M,6,141,0.44,5.32,4.82,4.32,72,,,,,,14093,
1409,3,5180,Yellow,M,7,1,0.44,5.32,4.82,4.32,72,,,,,,14093,
1409,3,5180,Yellow,M,12,0,0.44,5.32,4.82,4.32,72,,,,,,14093,
1409,4,5180,Yellow,L,1,88,0.5,5.32,4.82,4.32,72,,,,,,14094,
1409,4,5180,Yellow,L,2,84,0.5,5.32,4.82,4.32,72,,,,,,14094,
1409,4,5180,Yellow,L,3,119,0.5,5.32,4.82,4.32,72,,,,,,14094,
1409,4,5180,Yellow,L,4,32,0.5,5.32,4.82,4.32,72,,,,,,14094,
1409,4,5180,Yellow,L,5,97,0.5,5.32,4.82,4.32,72,,,,,,14094,
1409,4,5180,Yellow,L,6,88,0.5,5.32,4.82,4.32,72,,,,,,14094,
1409,4,5180,Yellow,L,7,18,0.5,5.32,4.82,4.32,72,,,,,,14094,
1409,4,5180,Yellow,L,12,0,0.5,5.32,4.82,4.32,72,,,,,,14094,
1409,5,5180,Yellow,XL,1,46,0.5,5.32,4.82,4.32,72,,,,,,14095,
1409,5,5180,Yellow,XL,2,71,0.5,5.32,4.82,4.32,72,,,,,,14095,
1409,5,5180,Yellow,XL,3,107,0.5,5.32,4.82,4.32,72,,,,,,14095,
1409,5,5180,Yellow,XL,4,18,0.5,5.32,4.82,4.32,72,,,,,,14095,
1409,5,5180,Yellow,XL,5,87,0.5,5.32,4.82,4.32,72,,,,,,14095,
1409,5,5180,Yellow,XL,6,163,0.5,5.32,4.82,4.32,72,,,,,,14095,
1409,5,5180,Yellow,XL,7,0,0.5,5.32,4.82,4.32,72,,,,,,14095,
1409,5,5180,Yellow,XL,12,0,0.5,5.32,4.82,4.32,72,,,,,,14095,
1410,2,5180,Black,S,1,486,0.31,5.32,4.82,4.32,72,,,,,,14102,
1410,2,5180,Black,S,2,282,0.31,5.32,4.82,4.32,72,,,,,,14102,
1410,2,5180,Black,S,3,366,0.31,5.32,4.82,4.32,72,,,,,,14102,
1410,2,5180,Black,S,4,500,0.31,5.32,4.82,4.32,72,,,,,,14102,
1410,2,5180,Black,S,5,330,0.31,5.32,4.82,4.32,72,,,,,,14102,
1410,2,5180,Black,S,6,418,0.31,5.32,4.82,4.32,72,,,,,,14102,
1410,2,5180,Black,S,7,185,0.31,5.32,4.82,4.32,72,,,,,,14102,
1410,2,5180,Black,S,12,0,0.31,5.32,4.82,4.32,72,,,,,,14102,
1410,3,5180,Black,M,1,500,0.44,5.32,4.82,4.32,72,,,,,,14103,
1410,3,5180,Black,M,2,500,0.44,5.32,4.82,4.32,72,,,,,,14103,
1410,3,5180,Black,M,3,500,0.44,5.32,4.82,4.32,72,,,,,,14103,
1410,3,5180,Black,M,4,500,0.44,5.32,4.82,4.32,72,,,,,,14103,
1410,3,5180,Black,M,5,500,0.44,5.32,4.82,4.32,72,,,,,,14103,
1410,3,5180,Black,M,6,500,0.44,5.32,4.82,4.32,72,,,,,,14103,
1410,3,5180,Black,M,7,1,0.44,5.32,4.82,4.32,72,,,,,,14103,
1410,3,5180,Black,M,12,0,0.44,5.32,4.82,4.32,72,,,,,,14103,
1410,4,5180,Black,L,1,500,0.5,5.32,4.82,4.32,72,,,,,,14104,
1410,4,5180,Black,L,2,500,0.5,5.32,4.82,4.32,72,,,,,,14104,
1410,4,5180,Black,L,3,500,0.5,5.32,4.82,4.32,72,,,,,,14104,
1410,4,5180,Black,L,4,500,0.5,5.32,4.82,4.32,72,,,,,,14104,
1410,4,5180,Black,L,5,500,0.5,5.32,4.82,4.32,72,,,,,,14104,
1410,4,5180,Black,L,6,500,0.5,5.32,4.82,4.32,72,,,,,,14104,
1410,4,5180,Black,L,7,0,0.5,5.32,4.82,4.32,72,,,,,,14104,
1410,4,5180,Black,L,12,0,0.5,5.32,4.82,4.32,72,,,,,,14104,
1410,5,5180,Black,XL,1,500,0.56,5.32,4.82,4.32,72,,,,,,14105,
1410,5,5180,Black,XL,2,500,0.56,5.32,4.82,4.32,72,,,,,,14105,
1410,5,5180,Black,XL,3,500,0.56,5.32,4.82,4.32,72,,,,,,14105,
1410,5,5180,Black,XL,4,500,0.56,5.32,4.82,4.32,72,,,,,,14105,
1410,5,5180,Black,XL,5,500,0.56,5.32,4.82,4.32,72,,,,,,14105,
1410,5,5180,Black,XL,6,500,0.56,5.32,4.82,4.32,72,,,,,,14105,
1410,5,5180,Black,XL,7,0,0.56,5.32,4.82,4.32,72,,,,,,14105,
1410,5,5180,Black,XL,12,0,0.56,5.32,4.82,4.32,72,,,,,,14105,
1426,2,5180,Teal,S,1,58,0.38,5.32,4.82,4.32,72,,,,,,14262,
1426,2,5180,Teal,S,2,58,0.38,5.32,4.82,4.32,72,,,,,,14262,
1426,2,5180,Teal,S,3,56,0.38,5.32,4.82,4.32,72,,,,,,14262,
1426,2,5180,Teal,S,4,82,0.38,5.32,4.82,4.32,72,,,,,,14262,
1426,2,5180,Teal,S,5,39,0.38,5.32,4.82,4.32,72,,,,,,14262,
1426,2,5180,Teal,S,6,76,0.38,5.32,4.82,4.32,72,,,,,,14262,
1426,2,5180,Teal,S,7,41,0.38,5.32,4.82,4.32,72,,,,,,14262,
1426,2,5180,Teal,S,12,0,0.38,5.32,4.82,4.32,72,,,,,,14262,
1426,3,5180,Teal,M,1,65,0.44,5.32,4.82,4.32,72,,,,,,14263,
1426,3,5180,Teal,M,2,71,0.44,5.32,4.82,4.32,72,,,,,,14263,
1426,3,5180,Teal,M,3,70,0.44,5.32,4.82,4.32,72,,,,,,14263,
1426,3,5180,Teal,M,4,126,0.44,5.32,4.82,4.32,72,,,,,,14263,
1426,3,5180,Teal,M,5,84,0.44,5.32,4.82,4.32,72,,,,,,14263,
1426,3,5180,Teal,M,6,72,0.44,5.32,4.82,4.32,72,,,,,,14263,
1426,3,5180,Teal,M,7,0,0.44,5.32,4.82,4.32,72,,,,,,14263,
1426,3,5180,Teal,M,12,0,0.44,5.32,4.82,4.32,72,,,,,,14263,
1426,4,5180,Teal,L,1,61,0.5,5.32,4.82,4.32,72,,,,,,14264,
1426,4,5180,Teal,L,2,148,0.5,5.32,4.82,4.32,72,,,,,,14264,
1426,4,5180,Teal,L,3,122,0.5,5.32,4.82,4.32,72,,,,,,14264,
1426,4,5180,Teal,L,4,150,0.5,5.32,4.82,4.32,72,,,,,,14264,
1426,4,5180,Teal,L,5,160,0.5,5.32,4.82,4.32,72,,,,,,14264,
1426,4,5180,Teal,L,6,43,0.5,5.32,4.82,4.32,72,,,,,,14264,
1426,4,5180,Teal,L,7,19,0.5,5.32,4.82,4.32,72,,,,,,14264,
1426,4,5180,Teal,L,12,0,0.5,5.32,4.82,4.32,72,,,,,,14264,
1426,5,5180,Teal,XL,1,72,0.56,5.32,4.82,4.32,72,,,,,,14265,
1426,5,5180,Teal,XL,2,80,0.56,5.32,4.82,4.32,72,,,,,,14265,
1426,5,5180,Teal,XL,3,86,0.56,5.32,4.82,4.32,72,,,,,,14265,
1426,5,5180,Teal,XL,4,117,0.56,5.32,4.82,4.32,72,,,,,,14265,
1426,5,5180,Teal,XL,5,91,0.56,5.32,4.82,4.32,72,,,,,,14265,
1426,5,5180,Teal,XL,6,34,0.56,5.32,4.82,4.32,72,,,,,,14265,
1426,5,5180,Teal,XL,7,0,0.56,5.32,4.82,4.32,72,,,,,,14265,
1426,5,5180,Teal,XL,12,4,0.56,5.32,4.82,4.32,72,,,,,,14265,